Date,GLD,GDX,Beta,Alpha,Spread,Z_Score,Position,Signal_Change
2021-07-07,168.75999450683594,32.24564743041992,,,,,0.0,0.0
2021-07-08,168.64999389648438,31.424577713012695,,,,,0.0,0.0
2021-07-09,169.2100067138672,32.0683708190918,,,,,0.0,0.0
2021-07-12,169.0,31.620513916015625,,,,,0.0,0.0
2021-07-13,169.22000122070312,31.98439598083496,,,,,0.0,0.0
2021-07-14,171.0399932861328,32.41359329223633,,,,,0.0,0.0
2021-07-15,171.07000732421875,32.62819290161133,,,,,0.0,0.0
2021-07-16,169.41000366210938,31.64850616455078,,,,,0.0,0.0
2021-07-19,169.61000061035156,30.967388153076172,,,,,0.0,0.0
2021-07-20,169.38999938964844,31.07002639770508,,,,,0.0,0.0
2021-07-21,168.75999450683594,31.368593215942383,,,,,0.0,0.0
2021-07-22,169.08999633789062,31.172657012939453,,,,,0.0,0.0
2021-07-23,168.55999755859375,30.930070877075195,,,,,0.0,0.0
2021-07-26,168.16000366210938,31.25663375854492,,,,,0.0,0.0
2021-07-27,168.44000244140625,31.424577713012695,,,,,0.0,0.0
2021-07-28,169.2899932861328,31.90042304992676,,,,,0.0,0.0
2021-07-29,171.1699981689453,32.72149658203125,,,,,0.0,0.0
2021-07-30,169.82000732421875,32.581539154052734,,,,,0.0,0.0
2021-08-02,169.61000061035156,32.45091247558594,,,,,0.0,0.0
2021-08-03,169.49000549316406,32.74015808105469,,,,,0.0,0.0
2021-08-04,169.52999877929688,32.45091247558594,,,,,0.0,0.0
2021-08-05,168.86000061035156,31.965736389160156,,,,,0.0,0.0
2021-08-06,164.63999938964844,31.01404190063477,,,,,0.0,0.0
2021-08-09,161.72000122070312,30.258285522460938,,,,,0.0,0.0
2021-08-10,161.77000427246094,29.875741958618164,,,,,0.0,0.0
2021-08-11,164.0,30.472883224487305,,,,,0.0,0.0
2021-08-12,164.0399932861328,30.006366729736328,,,,,0.0,0.0
2021-08-13,166.38999938964844,30.622169494628903,,,,,0.0,0.0
2021-08-16,167.22000122070312,30.45421981811523,,,,,0.0,0.0
2021-08-17,166.97000122070312,30.0903377532959,,,,,0.0,0.0
2021-08-18,167.10000610351562,29.3812313079834,,,,,0.0,0.0
2021-08-19,166.61000061035156,28.8867244720459,,,,,0.0,0.0
2021-08-20,166.6999969482422,28.78409194946289,,,,,0.0,0.0
2021-08-23,168.72999572753906,29.969043731689453,,,,,0.0,0.0
2021-08-24,168.64999389648438,29.959714889526367,,,,,0.0,0.0
2021-08-25,167.47999572753906,29.558509826660156,,,,,0.0,0.0
2021-08-26,167.6699981689453,29.371902465820312,,,,,0.0,0.0
2021-08-27,170.19000244140625,30.426231384277344,,,,,0.0,0.0
2021-08-30,169.35000610351562,30.01569366455078,,,,,0.0,0.0
2021-08-31,169.69000244140625,30.416898727416992,,,,,0.0,0.0
2021-09-01,169.6999969482422,30.21163558959961,,,,,0.0,0.0
2021-09-02,169.25,30.323598861694336,,,,,0.0,0.0
2021-09-03,171.05999755859375,31.05136489868164,,,,,0.0,0.0
2021-09-07,167.7100067138672,30.18364143371582,,,,,0.0,0.0
2021-09-08,167.2899932861328,30.03435707092285,,,,,0.0,0.0
2021-09-09,168.02999877929688,29.81975746154785,,,,,0.0,0.0
2021-09-10,167.17999267578125,29.390562057495117,,,,,0.0,0.0
2021-09-13,167.74000549316406,29.959714889526367,,,,,0.0,0.0
2021-09-14,168.82000732421875,30.10900115966797,,,,,0.0,0.0
2021-09-15,167.8300018310547,30.09966468811035,,,,,0.0,0.0
2021-09-16,164.02999877929688,28.849403381347656,,,,,0.0,0.0
2021-09-17,163.77000427246094,28.53217315673828,,,,,0.0,0.0
2021-09-20,164.94000244140625,28.410879135131836,,,,,0.0,0.0
2021-09-21,166.0399932861328,28.42953872680664,,,,,0.0,0.0
2021-09-22,165.4199981689453,28.457529067993164,,,,,0.0,0.0
2021-09-23,163.50999450683594,27.888381958007812,,,,,0.0,0.0
2021-09-24,163.3000030517578,27.69244384765625,,,,,0.0,0.0
2021-09-27,163.63999938964844,27.69244384765625,,,,,0.0,0.0
2021-09-28,162.0500030517578,27.40320205688477,,,,,0.0,0.0
2021-09-29,161.32000732421875,26.9740047454834,,,,,0.0,0.0
2021-09-30,164.22000122070312,27.496505737304688,,,,,0.0,0.0
2021-10-01,164.58999633789062,27.365880966186523,,,,,0.0,0.0
2021-10-04,165.36000061035156,27.6831111907959,,,,,0.0,0.0
2021-10-05,164.58999633789062,27.78574562072754,,,,,0.0,0.0
2021-10-06,165.02999877929688,28.308244705200195,,,,,0.0,0.0
2021-10-07,164.16000366210938,28.364227294921875,,,,,0.0,0.0
2021-10-08,164.22999572753906,28.616146087646484,,,,,0.0,0.0
2021-10-11,163.9199981689453,28.53217315673828,,,,,0.0,0.0
2021-10-12,164.66000366210938,29.054672241210938,,,,,0.0,0.0
2021-10-13,167.58999633789062,29.99703598022461,,,,,0.0,0.0
2021-10-14,168.0,30.650156021118164,,,,,0.0,0.0
2021-10-15,165.3300018310547,30.342260360717773,,,,,0.0,0.0
2021-10-18,164.9199981689453,30.062349319458008,,,,,0.0,0.0
2021-10-19,165.4499969482422,30.323598861694336,,,,,0.0,0.0
2021-10-20,166.89999389648438,30.65949249267578,,,,,0.0,0.0
2021-10-21,166.75,30.538196563720703,,,,,0.0,0.0
2021-10-22,167.77000427246094,30.780786514282227,,,,,0.0,0.0
2021-10-25,168.92999267578125,31.209978103637695,,,,,0.0,0.0
2021-10-26,167.67999267578125,31.023372650146484,,,,,0.0,0.0
2021-10-27,168.1199951171875,30.8834171295166,,,,,0.0,0.0
2021-10-28,168.0800018310547,30.407567977905273,,,,,0.0,0.0
2021-10-29,166.64999389648438,29.586498260498047,,,,,0.0,0.0
2021-11-01,167.52000427246094,29.726457595825195,,,,,0.0,0.0
2021-11-02,167.16000366210938,29.418556213378903,,,,,0.0,0.0
2021-11-03,165.77000427246094,29.726457595825195,,,,,0.0,0.0
2021-11-04,167.64999389648438,29.623823165893555,,,,,0.0,0.0
2021-11-05,169.83999633789062,30.55685806274414,,,,,0.0,0.0
2021-11-08,170.4499969482422,30.69681167602539,,,,,0.0,0.0
2021-11-09,171.2899932861328,31.088685989379883,,,,,0.0,0.0
2021-11-10,173.14999389648438,31.639175415039062,,,,,0.0,0.0
2021-11-11,174.1199951171875,32.37627029418945,,,,,0.0,0.0
2021-11-12,174.4499969482422,32.44158172607422,,,,,0.0,0.0
2021-11-15,174.17999267578125,32.5628776550293,,,,,0.0,0.0
2021-11-16,172.9199981689453,31.993730545043945,,,,,0.0,0.0
2021-11-17,174.5,32.24564743041992,,,,,0.0,0.0
2021-11-18,173.94000244140625,31.947080612182617,,,,,0.0,0.0
2021-11-19,172.61000061035156,31.415245056152344,,,,,0.0,0.0
2021-11-22,168.74000549316406,30.79011344909668,,,,,0.0,0.0
2021-11-23,167.27999877929688,30.323598861694336,,,,,0.0,0.0
2021-11-24,167.1199951171875,30.24895477294922,,,,,0.0,0.0
2021-11-26,166.85000610351562,29.969043731689453,,,,,0.0,0.0
2021-11-29,166.6199951171875,29.978374481201172,,,,,0.0,0.0
2021-11-30,165.5,29.670475006103516,,,,,0.0,0.0
2021-12-01,166.16000366210938,28.765430450439453,,,,,0.0,0.0
2021-12-02,165.24000549316406,28.42020797729492,,,,,0.0,0.0
2021-12-03,166.6300048828125,28.63480567932129,,,,,0.0,0.0
2021-12-06,166.22000122070312,29.036012649536133,,,,,0.0,0.0
2021-12-07,166.80999755859375,29.24127960205078,,,,,0.0,0.0
2021-12-08,166.89999389648438,29.3812313079834,,,,,0.0,0.0
2021-12-09,165.8800048828125,28.625476837158203,,,,,0.0,0.0
2021-12-10,166.5800018310547,28.44820022583008,,,,,0.0,0.0
2021-12-13,167.0,28.466861724853516,,,,,0.0,0.0
2021-12-14,165.44000244140625,28.09364891052246,,,,,0.0,0.0
2021-12-15,166.14999389648438,27.711105346679688,,,,,0.0,0.0
2021-12-16,168.16000366210938,29.1013240814209,,,,,0.0,0.0
2021-12-17,167.8000030517578,29.04534149169922,,,,,0.0,0.0
2021-12-20,167.08999633789062,29.04059410095215,,,,,0.0,0.0
2021-12-21,167.02000427246094,29.25894546508789,,,,,0.0,0.0
2021-12-22,168.58999633789062,29.581724166870117,,,,,0.0,0.0
2021-12-23,168.97000122070312,29.71463203430176,,,,,0.0,0.0
2021-12-27,169.3699951171875,29.74311256408691,,,,,0.0,0.0
2021-12-28,168.63999938964844,29.515270233154297,,,,,0.0,0.0
2021-12-29,168.58999633789062,29.638683319091797,,,,,0.0,0.0
2021-12-30,169.8000030517578,30.170320510864254,,,,,0.0,0.0
2021-12-31,170.9600067138672,30.407655715942383,,,,,0.0,0.0
2022-01-03,168.3300018310547,29.667165756225582,,,,,0.0,0.0
2022-01-04,169.57000732421875,29.79057884216309,,,,,0.0,0.0
2022-01-05,169.05999755859375,29.287424087524418,,,,,0.0,0.0
2022-01-06,166.99000549316406,28.252635955810547,,,,,0.0,0.0
2022-01-07,167.75,28.489973068237305,,,,,0.0,0.0
2022-01-10,168.25999450683594,28.96464729309082,,,,,0.0,0.0
2022-01-11,170.2899932861328,29.562734603881836,,,,,0.0,0.0
2022-01-12,170.74000549316406,30.103862762451172,,,,,0.0,0.0
2022-01-13,170.16000366210938,29.657670974731445,,,,,0.0,0.0
2022-01-14,169.6699981689453,29.40134620666504,,,,,0.0,0.0
2022-01-18,169.38999938964844,29.05008888244629,,,,,0.0,0.0
2022-01-19,172.0800018310547,31.129161834716797,,,,,0.0,0.0
2022-01-20,171.64999389648438,30.692462921142575,,,,,0.0,0.0
2022-01-21,171.08999633789062,30.046903610229492,,,,,0.0,0.0
2022-01-24,172.02999877929688,29.85703468322754,,,,,0.0,0.0
2022-01-25,172.5800018310547,30.056398391723633,,,,,0.0,0.0
2022-01-26,169.7899932861328,29.078569412231445,,,,,0.0,0.0
2022-01-27,167.60000610351562,28.176687240600582,,,,,0.0,0.0
2022-01-28,167.10000610351562,27.815933227539062,,,,,0.0,0.0
2022-01-31,168.08999633789062,28.698829650878903,,,,,0.0,0.0
2022-02-01,168.22999572753906,28.983633041381836,,,,,0.0,0.0
2022-02-02,168.83999633789062,29.078569412231445,,,,,0.0,0.0
2022-02-03,168.60000610351562,28.71781539916992,,,,,0.0,0.0
2022-02-04,168.86000061035156,28.860218048095703,,,,,0.0,0.0
2022-02-07,170.11000061035156,29.71463203430176,,,,,0.0,0.0
2022-02-08,170.6300048828125,30.046903610229492,,,,,0.0,0.0
2022-02-09,171.2100067138672,29.98994255065918,,,,,0.0,0.0
2022-02-10,170.55999755859375,29.13553047180176,,,,,0.0,0.0
2022-02-11,173.80999755859375,30.787397384643555,,,,,0.0,0.0
2022-02-14,174.74000549316406,31.41396713256836,,,,,0.0,0.0
2022-02-15,173.0800018310547,30.8443603515625,,,,,0.0,0.0
2022-02-16,174.86000061035156,31.83168029785156,,,,,0.0,0.0
2022-02-17,177.25,33.01836395263672,,,,,0.0,0.0
2022-02-18,177.1199951171875,32.7525520324707,,,,,0.0,0.0
2022-02-22,177.49000549316406,32.38230514526367,,,,,0.0,0.0
2022-02-23,178.2899932861328,32.98039627075195,,,,,0.0,0.0
2022-02-24,177.13999938964844,32.344329833984375,,,,,0.0,0.0
2022-02-25,176.5500030517578,32.64812088012695,,,,,0.0,0.0
2022-02-28,178.3800048828125,32.63862991333008,,,,,0.0,0.0
2022-03-01,181.6199951171875,34.04366683959961,,,,,0.0,0.0
2022-03-02,179.72999572753906,33.920249938964844,,,,,0.0,0.0
2022-03-03,180.8000030517578,34.195560455322266,,,,,0.0,0.0
2022-03-04,183.67999267578125,35.50566101074219,,,,,0.0,0.0
2022-03-07,186.41000366210935,36.41703796386719,,,,,0.0,0.0
2022-03-08,191.5099945068359,36.61640167236328,,,,,0.0,0.0
2022-03-09,185.82000732421875,36.19868850708008,,,,,0.0,0.0
2022-03-10,186.3999938964844,36.939178466796875,,,,,0.0,0.0
2022-03-11,185.08999633789065,36.3505859375,,,,,0.0,0.0
2022-03-14,182.3000030517578,34.869598388671875,,,,,0.0,0.0
2022-03-15,178.88999938964844,35.03098678588867,,,,,0.0,0.0
2022-03-16,180.00999450683594,35.135414123535156,,,,,0.0,0.0
2022-03-17,180.88999938964844,35.79046630859375,,,,,0.0,0.0
2022-03-18,179.3000030517578,35.334781646728516,,,,,0.0,0.0
2022-03-21,180.6699981689453,36.21767807006836,,,,,0.0,0.0
2022-03-22,179.36000061035156,35.84742736816406,,,,,0.0,0.0
2022-03-23,181.80999755859375,36.75880432128906,,,,,0.0,0.0
2022-03-24,183.1300048828125,36.606910705566406,,,,,0.0,0.0
2022-03-25,182.3800048828125,36.75880432128906,,,,,0.0,0.0
2022-03-28,179.05999755859375,35.79046630859375,,,,,0.0,0.0
2022-03-29,179.13999938964844,36.28413009643555,,,,,0.0,0.0
2022-03-30,180.5800018310547,36.692352294921875,,,,,0.0,0.0
2022-03-31,180.6499938964844,36.40754318237305,,,,,0.0,0.0
2022-04-01,179.5,37.489803314208984,,,,,0.0,0.0
2022-04-04,180.3699951171875,37.15753173828125,,,,,0.0,0.0
2022-04-05,179.24000549316406,36.34109115600586,,,,,0.0,0.0
2022-04-06,179.66000366210938,36.24615859985352,,,,,0.0,0.0
2022-04-07,180.33999633789065,36.7682991027832,,,,,0.0,0.0
2022-04-08,181.47000122070312,37.660682678222656,,,,,0.0,0.0
2022-04-11,182.3699951171875,37.45183181762695,,,,,0.0,0.0
2022-04-12,183.77000427246097,37.78409576416016,,,,,0.0,0.0
2022-04-13,184.6499938964844,38.62902069091797,,,,,0.0,0.0
2022-04-14,184.0399932861328,38.79041290283203,,,,,0.0,0.0
2022-04-18,184.61000061035156,38.79990005493164,,,,,0.0,0.0
2022-04-19,181.82000732421875,37.68916702270508,,,,,0.0,0.0
2022-04-20,182.7100067138672,38.09738540649414,,,,,0.0,0.0
2022-04-21,182.05999755859375,36.16071319580078,,,,,0.0,0.0
2022-04-22,180.2899932861328,35.068965911865234,,,,,0.0,0.0
2022-04-25,177.0500030517578,33.863285064697266,,,,,0.0,0.0
2022-04-26,177.32000732421875,33.132293701171875,,,,,0.0,0.0
2022-04-27,175.97999572753906,32.94241714477539,,,,,0.0,0.0
2022-04-28,176.92999267578125,33.616458892822266,,,,,0.0,0.0
2022-04-29,176.91000366210938,33.21773147583008,,,,,0.0,0.0
2022-05-02,173.6300048828125,32.800018310546875,,,,,0.0,0.0
2022-05-03,174.08999633789062,33.33164978027344,,,,,0.0,0.0
2022-05-04,175.8000030517578,33.96771240234375,,,,,0.0,0.0
2022-05-05,175.1300048828125,32.8759651184082,,,,,0.0,0.0
2022-05-06,175.4199981689453,32.50572204589844,,,,,0.0,0.0
2022-05-09,172.8800048828125,30.59752655029297,,,,,0.0,0.0
2022-05-10,171.4199981689453,30.084880828857425,,,,,0.0,0.0
2022-05-11,172.82000732421875,30.046903610229492,,,,,0.0,0.0
2022-05-12,170.1699981689453,28.65135955810547,,,,,0.0,0.0
2022-05-13,168.7899932861328,29.315906524658203,,,,,0.0,0.0
2022-05-16,170.39999389648438,29.600709915161133,,,,,0.0,0.0
2022-05-17,169.3300018310547,29.657670974731445,,,,,0.0,0.0
2022-05-18,169.4199981689453,28.907686233520508,,,,,0.0,0.0
2022-05-19,171.91000366210938,30.52157974243164,,,,,0.0,0.0
2022-05-20,172.02999877929688,30.436140060424805,,,,,0.0,0.0
2022-05-23,172.8300018310547,30.616514205932617,,,,,0.0,0.0
2022-05-24,174.1300048828125,31.08169937133789,,,,,0.0,0.0
2022-05-25,173.0800018310547,30.939294815063477,,,,,0.0,0.0
2022-05-26,172.75999450683594,30.749422073364254,,,,,0.0,0.0
2022-05-27,172.85000610351562,30.863344192504883,,,,,0.0,0.0
2022-05-31,171.13999938964844,30.122852325439453,,,,,0.0,0.0
2022-06-01,172.22999572753906,30.36018943786621,,,,,0.0,0.0
2022-06-02,174.35000610351562,31.660797119140625,,,,,0.0,0.0
2022-06-03,172.5800018310547,30.91081428527832,,,,,0.0,0.0
2022-06-06,171.82000732421875,30.588037490844727,,,,,0.0,0.0
2022-06-07,172.94000244140625,30.8823299407959,,,,,0.0,0.0
2022-06-08,172.77999877929688,30.67347717285156,,,,,0.0,0.0
2022-06-09,172.22999572753906,29.515270233154297,,,,,0.0,0.0
2022-06-10,174.5399932861328,30.920307159423828,,,,,0.0,0.0
2022-06-13,169.92999267578125,28.926671981811523,,,,,0.0,0.0
2022-06-14,168.57000732421875,28.19567489624023,,,,,0.0,0.0
2022-06-15,170.77000427246094,28.66085624694824,,,,,0.0,0.0
2022-06-16,172.69000244140625,29.20198631286621,,,,,0.0,0.0
2022-06-17,171.27000427246094,28.850725173950195,,,,,0.0,0.0
2022-06-21,170.6300048828125,28.95515251159668,,,,,0.0,0.0
2022-06-22,171.30999755859375,28.556427001953125,,,,,0.0,0.0
2022-06-23,170.25999450683594,27.44568634033203,,,,,0.0,0.0
2022-06-24,170.08999633789062,28.157699584960938,,,,,0.0,0.0
2022-06-27,169.89999389648438,27.97732162475586,,,,,0.0,0.0
2022-06-28,169.6199951171875,27.40771484375,,,,,0.0,0.0
2022-06-29,169.49000549316406,26.999494552612305,,,,,0.0,0.0
2022-06-30,168.4600067138672,25.993183135986328,,,,,0.0,0.0
2022-07-01,168.32000732421875,26.73367500305176,,,,,0.0,0.0
2022-07-05,164.75,25.594453811645508,,,,,0.0,0.0
2022-07-06,162.13999938964844,25.433069229125977,,,,,0.0,0.0
2022-07-07,162.22999572753906,25.784324645996097,0.3336687817993011,3.997575134621993,0.0070942127248798,,0.0,0.0
2022-07-08,162.3000030517578,25.68939208984375,0.333621166219148,3.997877982853126,0.0086081332489502,,0.0,0.0
2022-07-11,161.42999267578125,25.30015754699707,0.3329773091591693,4.000200888270414,0.0080840509226707,,0.0,0.0
2022-07-12,160.8300018310547,24.929914474487305,0.3326277916844378,4.001525854644148,0.0090683111964331,,0.0,0.0
2022-07-13,161.60000610351562,25.47104263305664,0.3319250828156702,4.004051986204901,0.0064507268694287,,0.0,0.0
2022-07-14,159.3300018310547,24.40777015686035,0.3317538991068253,4.004755753883185,0.0063007406537325,,0.0,0.0
2022-07-15,159.00999450683594,24.29384994506836,0.3314791320877959,4.005789153636436,0.0056854778164883,,0.0,0.0
2022-07-18,159.16000366210938,24.40777015686035,0.3313895817387852,4.0061937325141805,0.0049591941126081,,0.0,0.0
2022-07-19,159.5399932861328,24.702070236206055,0.3311330162867297,4.007166147293042,0.0032223015774928,,0.0,0.0
2022-07-20,158.0399932861328,23.980562210083008,0.3308666014960546,4.008132224907069,0.0034721079888075,,0.0,0.0
2022-07-21,160.27000427246094,24.436248779296875,0.3305751299385236,4.009194462373564,0.0111249833631372,,0.0,0.0
2022-07-22,160.6699981689453,24.12296485900879,0.3297142319073321,4.012262336525459,0.0175556567079322,,0.0,0.0
2022-07-25,160.22999572753906,23.344499588012695,0.328105473623456,4.017896943205746,0.0250624963182239,,0.0,0.0
2022-07-26,160.0399932861328,23.82866668701172,0.3254598688498801,4.02710702616616,0.0163194876202341,,0.0,0.0
2022-07-27,161.6699981689453,24.23689079284668,0.3240814637279866,4.031972109917106,0.0204536162624116,,0.0,0.0
2022-07-28,163.63999938964844,24.683080673217773,0.3225356339152386,4.037424987999982,0.0261565946557071,,0.0,0.0
2022-07-29,164.10000610351562,24.939407348632812,0.3208464167369362,4.043388442792578,0.0251013994778235,,0.0,0.0
2022-08-01,165.02999877929688,24.882444381713867,0.3195197060682961,4.048097051385068,0.0310419563550388,,0.0,0.0
2022-08-02,164.0500030517578,24.569156646728516,0.3179074569553192,4.053828822149374,0.0285643197295,,0.0,0.0
2022-08-03,164.4499969482422,24.24637985229492,0.316352609427812,4.05935340018233,0.0346364670911532,,0.0,0.0
2022-08-04,167.1699981689453,25.09130096435547,0.3144075127364475,4.066245861903432,0.0395805071853212,,0.0,0.0
2022-08-05,165.2899932861328,24.948898315429688,0.3124315144777604,4.07324975524555,0.02941274684696,,0.0,0.0
2022-08-08,166.69000244140625,25.63243103027344,0.3109561814519449,4.078502008592178,0.028935988865177,,0.0,0.0
2022-08-09,167.1999969482422,25.57547187805176,0.3096786397519575,4.083140777616529,0.032185170661009,,0.0,0.0
2022-08-10,166.77999877929688,25.75584602355957,0.3078632304793797,4.089666239175206,0.0268658675922637,,0.0,0.0
2022-08-11,166.33999633789062,25.27167701721191,0.3062290808485089,4.095536488696319,0.0294741262667246,,0.0,0.0
2022-08-12,167.8699951171875,25.841285705566406,0.3046075209714988,4.1013439740724085,0.0312703011535591,,0.0,0.0
2022-08-15,165.7100067138672,25.281169891357425,0.3029301865738038,4.107329031334713,0.0244276501639539,,0.0,0.0
2022-08-16,165.4199981689453,25.37610626220703,0.3016679218188174,4.111841373368824,0.0211101609642359,,0.0,0.0
2022-08-17,164.35000610351562,24.474225997924805,0.3005690127902639,4.1157579432006735,0.0251347379300366,0.5044136272520862,0.0,0.0
2022-08-18,163.9199981689453,24.502704620361328,0.2988878435292306,4.121663607814646,0.0216373814805859,0.14622829394894132,0.0,0.0
2022-08-19,162.72000122070312,23.971071243286133,0.2973722665562486,4.12696004310639,0.020364484209244,-0.008613033502084269,0.0,0.0
2022-08-22,161.63999938964844,23.990055084228516,0.2957808901392919,4.132500496608138,0.0129861375439004,-0.7351405175434964,0.0,0.0
2022-08-23,162.77000427246094,24.39827537536621,0.2947453867072462,4.136114191085191,0.0146561896031354,-0.6018240035361768,0.0,0.0
2022-08-24,163.25,24.597639083862305,0.2938157437710035,4.139373365952948,0.0149202734584763,-0.6217206856564639,0.0,0.0
2022-08-25,163.75,24.806495666503903,0.2929224487967189,4.142511193649467,0.0152247824772979,-0.6424098327446567,0.0,0.0
2022-08-26,161.75999450683594,23.638795852661133,0.2920102672123925,4.1457261602653,0.0167914247128653,-0.5414590666911371,0.0,0.0
2022-08-29,161.86000061035156,23.36348533630371,0.2907843082665119,4.150001516568672,0.0204181982968831,-0.2151625324524866,0.0,0.0
2022-08-30,160.50999450683594,22.860328674316406,0.2893581485103617,4.154952123494579,0.0178858197771161,-0.6189145878680401,0.0,0.0
2022-08-31,159.27000427246094,22.59450912475586,0.288012607914859,4.159621699458556,0.0130403025559679,-1.3876905671764201,0.0,0.0
2022-09-01,157.8699951171875,21.891992568969727,0.2870575180501289,4.162952481933552,0.0129251810097663,-1.4308412924308138,0.0,0.0
2022-09-02,159.25999450683594,22.585020065307617,0.2860080316705654,4.16659426520298,0.0123747088566048,-1.443402144878924,0.0,0.0
2022-09-06,158.3300018310547,22.252748489379883,0.2851599277089692,4.169564438874042,0.0104181893501182,-1.5717355948118303,0.0,0.0
2022-09-07,159.94000244140625,23.08817481994629,0.2844614416693807,4.172003274510711,0.00977982934379,-1.5713972991540268,0.0,0.0
2022-09-08,158.97999572753906,23.126148223876953,0.2839172977533646,4.173962241815012,0.003042146664157,-2.147088992058109,1.0,1.0
2022-09-09,159.82000732421875,23.82866668701172,0.2837946656069571,4.1744701510435105,-0.0003034027705703,-2.2179032249327415,1.0,0.0
2022-09-12,160.6300048828125,24.16094017028809,0.2838351677689759,4.174386714394454,0.0007764575187954,-1.8926742567234804,1.0,0.0
2022-09-13,158.5399932861328,23.183109283447266,0.2837716814633497,4.174663856862157,-0.000671676011942,-1.849152202656331,1.0,0.0
2022-09-14,157.92999267578125,23.23057556152344,0.2838670022157868,4.174405980390554,-0.0051490772015903,-2.0301666801429685,1.0,0.0
2022-09-15,154.97999572753906,22.537551879882812,0.2842193008831966,4.1732408639351695,-0.0153399184178182,-2.5442677285452464,1.0,0.0
2022-09-16,155.83999633789062,22.78438186645508,0.2852768437344942,4.169672137671746,-0.0126392148189102,-2.1404919918687395,1.0,0.0
2022-09-19,155.9600067138672,23.183109283447266,0.2858894328294312,4.1676635037802905,-0.0167355912248208,-2.1892225647161743,1.0,0.0
2022-09-20,155.07000732421875,22.54704475402832,0.2866093075719581,4.165270182936723,-0.0143546141767085,-1.8350768651863287,1.0,0.0
2022-09-21,155.7899932861328,22.62299346923828,0.2873213281252182,4.162880511138226,-0.010517290837166,-1.4618895846526634,1.0,0.0
2022-09-22,155.6999969482422,22.537551879882812,0.2878404259513787,4.161133258951468,-0.0098777698190168,-1.3214885012952682,1.0,0.0
2022-09-23,153.00999450683594,21.30339813232422,0.288298994889252,4.1596095261289046,-0.0109744486304332,-1.3143348426314996,1.0,0.0
2022-09-26,151.22999572753906,20.752775192260746,0.2888095813192514,4.157929202706498,-0.0149944100543626,-1.5097869791741314,1.0,0.0
2022-09-27,151.5399932861328,20.885684967041016,0.2896356526424105,4.155165057401268,-0.0145367686691946,-1.379989285482639,1.0,0.0
2022-09-28,154.69000244140625,22.385658264160156,0.2904171446651256,4.152545834010658,-0.013861309353242,-1.24416920244416,1.0,0.0
2022-09-29,154.66000366210938,22.49008560180664,0.2908212088942164,4.1512305044821325,-0.0153494320821323,-1.2741795652073096,1.0,0.0
2022-09-30,154.6699981689453,22.898305892944336,0.2912055556021197,4.149975892003452,-0.0204650087583164,-1.5365502479819488,1.0,0.0
2022-10-03,158.42999267578125,23.77170753479004,0.2920199072963024,4.147201882316162,-0.0071530147843406,-0.5185710431182919,1.0,0.0
2022-10-04,160.6999969482422,24.445741653442383,0.2921791441395927,4.146676479671488,-0.0010750145772924,-0.026809080834166478,1.0,0.0
2022-10-05,159.80999755859375,24.08499336242676,0.2921264974152694,4.146884821371154,-0.002325667463376,-0.08124225872332048,1.0,0.0
2022-10-06,159.6300048828125,24.350811004638672,0.2920769692676306,4.147100597200701,-0.0067166840326855,-0.3795388643673725,1.0,0.0
2022-10-07,157.8800048828125,23.15462875366211,0.2922117220753701,4.1466887415637546,-0.0030395861850545,-0.03500362321517911,1.0,0.0
2022-10-10,155.47999572753906,22.803369522094727,0.2922287424844695,4.146711893383269,-0.0139672984947898,-0.8935631745805291,1.0,0.0
2022-10-11,155.16000366210938,22.604005813598633,0.292788369511101,4.144871882678102,-0.013366377448869,-0.8000373556606695,1.0,0.0
2022-10-12,155.99000549316406,22.803369522094727,0.2933206716426613,4.143131068692001,-0.010525976822632,-0.48577972847412076,1.0,0.0
2022-10-13,154.91000366210938,22.537551879882812,0.293791099725075,4.14161386816531,-0.0139825486406026,-0.7880564471791672,1.0,0.0
2022-10-14,152.97999572753906,21.5692138671875,0.2945487813698144,4.139083740311243,-0.0134145306044235,-0.6836074103212205,1.0,0.0
2022-10-17,153.4199981689453,22.262243270874023,0.2954905770688242,4.135952899507553,-0.0196490350396381,-1.3726555123013648,1.0,0.0
2022-10-18,153.75,22.41413688659668,0.296706282754024,4.131928991597379,-0.0192662004071078,-1.3011332839305596,1.0,0.0
2022-10-19,151.69000244140625,21.73060607910156,0.2978118632706196,4.12827784952195,-0.023318710394391,-1.8257090618158796,1.0,0.0
2022-10-20,151.4499969482422,22.005916595458984,0.2992564633356555,4.123470215599738,-0.028309600952241,-2.3201448222758114,1.0,0.0
2022-10-21,154.14999389648438,23.107160568237305,0.3008765326170393,4.118033905309801,-0.0249029931809587,-1.715763738501538,1.0,0.0
2022-10-24,153.64999389648438,22.717927932739254,0.3021026980893035,4.11393555244057,-0.0227716712202186,-1.3526783472460342,1.0,0.0
2022-10-25,154.0,23.173614501953125,0.3033049544062011,4.109913091045666,-0.0262523053254817,-1.7368743211195907,1.0,0.0
2022-10-26,154.97999572753906,23.857147216796875,0.3045742329984273,4.105642937308205,-0.0284818929732617,-1.8761381171136537,1.0,0.0
2022-10-27,154.74000549316406,23.562849044799805,0.3058290798551396,4.1014363045774465,-0.0260093397574614,-1.4293135317503947,1.0,0.0
2022-10-28,153.16000366210938,23.467914581298828,0.3069856286849269,4.097555158927252,-0.0348063422326978,-2.2679380375270495,1.0,0.0
2022-10-31,151.91000366210938,22.936277389526367,0.3083286916111699,4.092997072729972,-0.0356162124822843,-2.1018626019625244,1.0,0.0
2022-11-01,153.4600067138672,23.44892692565918,0.3097233919460921,4.088264509052272,-0.0319475360838703,-1.55950291632753,1.0,0.0
2022-11-02,152.38999938964844,22.07237243652344,0.3108556876767593,4.084412545388547,-0.0198585825755612,-0.24580699205078,1.0,0.0
2022-11-03,151.80999755859375,21.53124237060547,0.3117516646692722,4.081397404176322,-0.0156909790993751,0.2232109732944368,0.0,-1.0
2022-11-04,156.47000122070312,23.686264038085938,0.3126344193166543,4.078490313836893,-0.0150812131821824,0.3064289364770184,0.0,0.0
2022-11-07,155.85000610351562,23.87613296508789,0.3131698778369315,4.076700777612947,-0.0214569673092288,-0.3651340799492847,0.0,0.0
2022-11-08,159.4499969482422,25.30965232849121,0.3139002298325313,4.074221119986033,-0.0167607228287467,0.1551143091225605,0.0,0.0
2022-11-09,158.64999389648438,24.910924911499023,0.3143316188677588,4.0727528568506415,-0.0167248616162973,0.1700470930545089,0.0,0.0
2022-11-10,163.47999572753906,26.78114318847656,0.3148103579196492,4.07112302104413,-0.0094337812499913,0.9344669309441852,0.0,0.0
2022-11-11,164.55999755859375,26.8665828704834,0.314971184408279,4.070565165191511,-0.0038233271254899,1.4277752692117534,0.0,0.0
2022-11-14,164.9199981689453,26.695703506469727,0.3151302918139197,4.07004204902318,0.0003721738511508,1.7702919753920658,0.0,0.0
2022-11-15,165.5,26.439376831054688,0.3152305027028266,4.069727784306348,0.0069093973670346,2.2762490371897766,-1.0,-1.0
2022-11-16,165.1199951171875,26.13558578491211,0.3153243654018684,4.069471718768578,0.008203417939848,2.225707667270808,-1.0,0.0
2022-11-17,163.9199981689453,25.746353149414062,0.315404610312706,4.069273407581859,0.005578499913633,1.8563735256182965,-1.0,0.0
2022-11-18,162.7899932861328,25.98369026184082,0.315382246651998,4.069381661202016,-0.0042685811834406,1.0262693687657134,-1.0,0.0
2022-11-21,161.8800048828125,25.803314208984375,0.3155003191981287,4.068982897622448,-0.0076622630146729,0.7125067592485907,-1.0,0.0
2022-11-22,162.07000732421875,26.828609466552734,0.3157030612353355,4.068297450594603,-0.0187644459491851,-0.2123157885989361,0.0,1.0
2022-11-23,163.0800018310547,27.255815505981445,0.3161554100515672,4.066799378994344,-0.0175365055199767,-0.08890407476640083,0.0,0.0
2022-11-25,163.22000122070312,26.999494552612305,0.316547078066094,4.065524520136244,-0.013707132429066,0.2358772171357614,0.0,0.0
2022-11-28,161.92999267578125,25.917232513427734,0.3169324795701507,4.064286900216817,-0.0087088958319752,0.6434385167536292,0.0,0.0
2022-11-29,162.72999572753906,26.72418212890625,0.3172911977941707,4.063153430989363,-0.0135431484455699,0.21794268991750138,0.0,0.0
2022-11-30,164.80999755859375,27.578596115112305,0.3176654258345526,4.061955386377983,-0.0108710201410691,0.41937791566207033,0.0,0.0
2022-12-01,167.83999633789062,28.518451690673828,0.3179509456652182,4.061078136270728,-0.0033779695338118,0.9851442889912894,0.0,0.0
2022-12-02,167.25999450683594,28.404529571533203,0.3180001755585491,4.060964648348406,-0.0056182433131253,0.7437765909506159,0.0,0.0
2022-12-05,164.38999938964844,27.379234313964844,0.3180200697052103,4.060947170899359,-0.0112835311679813,0.22972910130619062,0.0,0.0
2022-12-06,164.83999633789062,27.38872718811035,0.3181021887566233,4.060676019301378,-0.0086608141648589,0.41699015125001493,0.0,0.0
2022-12-07,166.3300018310547,27.92036247253418,0.3182338157953621,4.060277455703789,-0.0058174247663034,0.6127755225797563,0.0,0.0
2022-12-08,166.47000122070312,27.92036247253418,0.318349482028958,4.059938467387157,-0.0050221880208232,0.6311144417498827,0.0,0.0
2022-12-09,167.05999755859375,27.59758186340332,0.3184852176698833,4.059539795018713,0.0021658460039866,1.1970241935584787,0.0,0.0
2022-12-12,165.67999267578125,27.47416877746582,0.3185263275871447,4.059476988761192,-0.0047749750285559,0.522317651184419,0.0,0.0
2022-12-13,168.50999450683594,28.27162170410156,0.3185634769116759,4.059375593458149,0.0030253949302467,1.2800805525052044,0.0,0.0
2022-12-14,168.10000610351562,28.12921714782715,0.3185826773639661,4.059355958994327,0.0021536388207552,1.1760608097535532,0.0,0.0
2022-12-15,165.35000610351562,26.88557243347168,0.3185818465474881,4.059420426601412,3.2925529982463786e-06,0.8615005279434609,0.0,0.0
2022-12-16,166.7899932861328,27.151390075683594,0.318571092518898,4.059475382826946,0.0055205101548985,1.4281970537573636,0.0,0.0
2022-12-19,166.32000732421875,26.70343589782715,0.3185878502036194,4.05947469995915,0.0079440887434003,1.5857422459292003,0.0,0.0
2022-12-20,169.0800018310547,27.74608612060547,0.3185772675118504,4.05958112066458,0.0121284081269763,1.9368754007001512,0.0,0.0
2022-12-21,168.8000030517578,28.07432556152344,0.3186297556164615,4.059510694109211,0.0066197202897404,1.2147023061342688,0.0,0.0
2022-12-22,166.75999450683594,27.76539421081543,0.3187415397214329,4.059232221237334,-0.0021066813996712,0.12865707440804905,0.0,0.0
2022-12-23,167.25999450683594,27.87158966064453,0.3188398043483691,4.058941373977864,-0.0003657637263598,0.30972703486595055,0.0,0.0
2022-12-27,168.6699981689453,28.576345443725582,0.3189363467161688,4.058660106960481,2.4633598618706287e-05,0.34187873471589164,0.0,0.0
2022-12-28,167.91000366210938,27.688161849975582,0.3190158838091423,4.058429118414453,0.0055456951314036,0.9940920856840522,0.0,0.0
2022-12-29,168.85000610351562,27.823318481445312,0.3190891133482506,4.0582486485298634,0.0095118008147903,1.4500050094130972,0.0,0.0
2022-12-30,169.63999938964844,27.668851852416992,0.3191841344751912,4.0580180141813535,0.0158711155231916,2.076814942377705,-1.0,-1.0
2023-01-03,171.05999755859375,28.63426971435547,0.3192770031219162,4.05781432453854,0.0131520442105488,1.6706458923040264,-1.0,0.0
2023-01-04,172.6699981689453,29.85069274902344,0.3194074374946362,4.057458009391062,0.009150128860754,1.1515231532054204,-1.0,0.0
2023-01-05,170.52000427246094,29.59003257751465,0.3196284675401613,4.056814458301082,-0.0006833198966873,0.06366652282191404,-1.0,0.0
2023-01-06,173.7100067138672,30.468563079833984,0.3197042933043878,4.05659245063832,0.0084626311655338,1.0116528891412115,-1.0,0.0
2023-01-09,174.10000610351562,30.178937911987305,0.319858264173686,4.0561367197231455,0.0136899130157521,1.5377477093944183,-1.0,0.0
2023-01-10,174.74000549316406,30.73887825012207,0.3200262734032671,4.05565837762371,0.0113817697073246,1.1993052641836175,-1.0,0.0
2023-01-11,174.6199951171875,30.47821617126465,0.3202042288475555,4.055130599349412,0.0133397991530062,1.3415247859522648,-1.0,0.0
2023-01-12,176.63999938964844,31.067121505737305,0.3204170120258146,4.054503655139129,0.0186091650201989,1.857111248813186,-1.0,0.0
2023-01-13,178.75999450683594,31.52086639404297,0.3207340605698188,4.053528674939968,0.0257745119185894,2.4250746254231537,-1.0,0.0
2023-01-17,177.58999633789062,30.42994499206543,0.321266503576069,4.051876836536245,0.0303383248116801,2.5164435772651705,-1.0,0.0
2023-01-18,177.0800018310547,30.130664825439453,0.3216896085838003,4.050602760845859,0.0304709281647301,2.235639889673727,-1.0,0.0
2023-01-19,179.88999938964844,30.912654876708984,0.3220623086838207,4.049498255344928,0.0377981657757429,2.566264993182364,-1.0,0.0
2023-01-20,179.2899932861328,31.298818588256836,0.3226479621619201,4.047704350715554,0.0302360353151716,1.7607743811175096,-1.0,0.0
2023-01-23,179.6300048828125,31.27951431274414,0.3233126404274451,4.045643567868108,0.0321020550738655,1.766831624555818,-1.0,0.0
2023-01-24,180.27999877929688,31.598100662231445,0.3239592879568746,4.043642967160292,0.0322053742614008,1.6431964746176175,-1.0,0.0
2023-01-25,181.11000061035156,32.119422912597656,0.3245965656918555,4.041660385162966,0.0312690994994175,1.4473884428211776,-1.0,0.0
2023-01-26,179.47000122070312,31.62706184387207,0.3252198168579269,4.039691519345681,0.0270030291720368,1.0389784439159673,-1.0,0.0
2023-01-27,179.22000122070312,31.192626953125,0.3256735464770992,4.038267591897044,0.029970324903922,1.1960159423824568,-1.0,0.0
2023-01-30,178.75999450683594,30.729223251342773,0.326168402121981,4.036740524980438,0.0321069586729363,1.2763619880635386,-1.0,0.0
2023-01-31,179.41000366210938,30.912654876708984,0.3266154274437225,4.0353926417726,0.0336094349521713,1.307001781911443,-1.0,0.0
2023-02-01,181.6699981689453,31.607757568359375,0.3271051106823202,4.033903920510483,0.0386622896744732,1.5764840769223247,-1.0,0.0
2023-02-02,177.89999389648438,30.623027801513672,0.3278276712247261,4.031675580971662,0.0278009017099103,0.6798442641642883,-1.0,0.0
2023-02-03,173.4600067138672,29.27144432067871,0.3282383554689176,4.0304551666537725,0.017158181557793,-0.16784234443287221,0.0,1.0
2023-02-06,173.82000732421875,29.16524887084961,0.3283817848315763,4.0300749947559575,0.0203208275673238,0.04599627316203691,0.0,0.0
2023-02-07,173.97999572753906,29.570724487304688,0.3285098075487025,4.029748570194477,0.0165997211968704,-0.3196963935862043,0.0,0.0
2023-02-08,174.41000366210938,29.31971549987793,0.3286572214611539,4.029343391020891,0.0217758771980003,0.05997382579618261,0.0,0.0
2023-02-09,173.02999877929688,28.730812072753903,0.328858972189041,4.028786551207016,0.020379823295805,-0.13540676553564243,0.0,0.0
2023-02-10,173.36000061035156,28.595653533935547,0.3290089920196868,4.02839975738356,0.023719644024891,0.13357064372632493,0.0,0.0
2023-02-13,172.47999572753906,28.557035446166992,0.3291122642024035,4.028166797621726,0.0189619706161865,-0.3879200338307878,0.0,0.0
2023-02-14,172.61000061035156,28.614961624145508,0.3291496641948404,4.028112603489023,0.0189772751023822,-0.3995134186503771,0.0,0.0
2023-02-15,170.88999938964844,27.79435920715332,0.329174726254594,4.028097062630216,0.0184719849332664,-0.47743003681931395,0.0,0.0
2023-02-16,170.75,27.67850875854492,0.3291337200769167,4.028305373406906,0.0189551787496364,-0.47761254132033004,0.0,0.0
2023-02-17,171.25999450683594,27.42749786376953,0.3291342102154982,4.028391401008713,0.0248483322812731,0.08600585503767305,0.0,0.0
2023-02-21,170.6199951171875,27.137874603271484,0.3291076584603596,4.028591905460566,0.0244854727906549,-0.029287964915889714,0.0,0.0
2023-02-22,169.66000366210938,26.50069808959961,0.3290278616909365,4.028962857166384,0.026553007382029,0.2017703543143196,0.0,0.0
2023-02-23,169.57000732421875,26.36553955078125,0.3287935085258167,4.029849910049252,0.0275845775934175,0.29148144625844774,0.0,0.0
2023-02-24,168.35000610351562,26.056604385375977,0.3283983935760062,4.031253823107594,0.0241235132526922,-0.3096576109832606,0.0,0.0
2023-02-27,169.00999450683594,26.25934600830078,0.3280167098807399,4.032605002741267,0.0253870370505424,-0.14479752767781495,0.0,0.0
2023-02-28,169.77999877929688,26.558624267578125,0.3276687782674679,4.033848845466552,0.0261125375762585,-0.02564791984282876,0.0,0.0
2023-03-01,170.75999450683594,27.137874603271484,0.3275165326835492,4.034469123540846,0.0246806469185756,-0.2347952866086973,0.0,0.0
2023-03-02,170.66000366210938,27.195798873901367,0.3272057209578973,4.035570618596048,0.0233217266038838,-0.4259250450924198,0.0,0.0
2023-03-03,172.49000549316406,27.639888763427734,0.3267211050690243,4.03722834608788,0.0286386626832184,0.5651092058184568,0.0,0.0
2023-03-06,171.6199951171875,27.108911514282227,0.326590044068223,4.037766800119872,0.0298136585960699,0.783249454135102,0.0,0.0
2023-03-07,168.6199951171875,25.960063934326172,0.3262540773958677,4.0389787270716555,0.0262031387342753,0.1647051676218279,0.0,0.0
2023-03-08,168.5399932861328,25.882831573486328,0.3255688755685321,4.04132341547195,0.0265853134639293,0.27934032757065863,0.0,0.0
2023-03-09,170.1999969482422,25.757326126098633,0.3245231517318303,4.044840980618195,0.037848657336867,2.238650008373714,-1.0,-1.0
2023-03-10,173.8699951171875,26.25934600830078,0.3220954574522839,4.0528929340336,0.0527999019377256,3.5443485209942343,-1.0,0.0
2023-03-13,177.86000061035156,28.093637466430664,0.3208859803457831,4.057056917366783,0.0536107840579207,2.956211269765331,-1.0,0.0
2023-03-14,176.8300018310547,28.31568145751953,0.3203908812375144,4.058863380035049,0.0451255256814144,1.8517835622220933,-1.0,0.0
2023-03-15,178.2100067138672,28.31568145751953,0.3200633616842089,4.060087029573908,0.0527707486179878,2.337237583949227,-1.0,0.0
2023-03-16,178.57000732421875,28.15155982971191,0.3199297990231924,4.060704679889342,0.0564774606993454,2.3913348409440474,-1.0,0.0
2023-03-17,183.77000427246097,29.52245330810547,0.3206276329921963,4.058659807736948,0.0696522057684605,2.863699544024485,-1.0,0.0
2023-03-20,183.83999633789065,30.03412628173828,0.3217822340964722,4.055133266790579,0.0641218023120604,2.1766939452807743,-1.0,0.0
2023-03-21,180.3699951171875,28.96250915527344,0.3231932431774583,4.050741754937314,0.056399345217299,1.5273803513138267,-1.0,0.0
2023-03-22,183.44000244140625,29.503145217895508,0.3243539919661947,4.047171708528742,0.0669408710557553,1.9877330359763075,-1.0,0.0
2023-03-23,185.7400054931641,30.22720718383789,0.3259867631370066,4.042083547086188,0.0710594213177833,2.0024469368226203,-1.0,0.0
2023-03-24,183.6499938964844,30.458908081054688,0.3282373360488169,4.034983956027847,0.0566648054947416,1.0993258137412232,-1.0,0.0
2023-03-27,181.9499969482422,30.42994499206543,0.3302022127591853,4.0287582249318294,0.0471920778523031,0.5183813673002957,-1.0,0.0
2023-03-28,183.44000244140625,31.192626953125,0.3315589323251889,4.024480276292133,0.0467843871063662,0.45008507547392596,-1.0,0.0
2023-03-29,182.52999877929688,30.931962966918945,0.3335186228193824,4.01822864170678,0.0441200035642781,0.25163305097870575,-1.0,0.0
2023-03-30,184.17999267578125,31.39536476135254,0.3358395684536212,4.010812061638225,0.0475765435722381,0.4113084062174625,-1.0,0.0
2023-03-31,183.22000122070312,31.23124122619629,0.338775438331031,4.0013945611746795,0.0434248606040563,0.10974057358743945,-1.0,0.0
2023-04-03,184.5399932861328,31.93599510192871,0.3414805444825034,3.9927140980889817,0.0423544218945943,0.004797669726526992,-1.0,0.0
2023-04-04,187.97999572753903,33.007606506347656,0.3442333696739862,3.9838649832393953,0.0487766515355954,0.37687633009614374,-1.0,0.0
2023-04-05,187.8300018310547,33.15242385864258,0.3488816696330874,3.9688396181242354,0.0452225530490864,0.1022787656044395,-1.0,0.0
2023-04-06,186.4900054931641,33.23930740356445,0.3530180117003094,3.955471939923152,0.0360248035464962,-0.5486392591468284,0.0,1.0
2023-04-10,185.11000061035156,32.81452560424805,0.3566726279103363,3.9436631073912745,0.0321889089007338,-0.849311656719673,0.0,0.0
2023-04-11,186.27999877929688,33.384124755859375,0.3599781476987531,3.932987586508111,0.0314310117844494,-0.9322639844821122,0.0,0.0
2023-04-12,187.19000244140625,33.71236038208008,0.3636826735277319,3.9210007102279194,0.0317370630559921,-0.9384564255614061,0.0,0.0
2023-04-13,189.72000122070312,34.62950897216797,0.3679888843313444,3.907042000848656,0.034094834483147,-0.8116753436795164,0.0,0.0
2023-04-14,186.36000061035156,33.87648391723633,0.3722317795400054,3.8932822292729377,0.0231293230618918,-1.6286518387140825,0.0,0.0
2023-04-17,185.52999877929688,33.11380386352539,0.3756953414937435,3.882046746611928,0.026254843750995,-1.378559724327061,0.0,0.0
2023-04-18,186.25,33.355159759521484,0.3798061622434422,3.868705364703444,0.0263235819418108,-1.3500302684515864,0.0,0.0
2023-04-19,185.36000061035156,32.90141677856445,0.384638577701915,3.8530077176716904,0.0255512480165283,-1.4018001831765978,0.0,0.0
2023-04-20,186.08999633789065,32.882102966308594,0.3893796240730472,3.837608069238665,0.028547141988839,-1.1951812851862225,0.0,0.0
2023-04-21,184.25,32.44766616821289,0.3945153389541706,3.8209421232338294,0.0225845829486663,-1.534719259447869,0.0,0.0
2023-04-24,184.80999755859375,32.54420852661133,0.3996528121664473,3.8042552987195744,0.0232423035683595,-1.3785714932777415,0.0,0.0
2023-04-25,185.75,32.60213088989258,0.4031558940863401,3.792911086488866,0.0267432099029258,-1.0641617073354779,0.0,0.0
2023-04-26,184.7400054931641,32.17735290527344,0.4065106562840347,3.7820662269935785,0.0257778827566124,-1.0643881537269666,0.0,0.0
2023-04-27,184.75,32.67936325073242,0.409744023669447,3.771638976756546,0.0186921549251293,-1.4204349782531434,0.0,0.0
2023-04-28,184.8000030517578,32.418704986572266,0.4120551757125663,3.7641916809362193,0.0216514979771389,-1.1480234808152934,0.0,0.0
2023-05-01,183.97000122070312,32.254581451416016,0.4147152767146741,3.7556271517788664,0.0185656487387513,-1.2898820589907698,0.0,0.0
2023-05-02,187.52000427246097,33.53858947753906,0.4176070025793581,3.7463008000411513,0.0206579890329585,-1.092246673721803,0.0,0.0
2023-05-03,189.11000061035156,33.654441833496094,0.4204711357240127,3.7370577613217986,0.0268335963843622,-0.61073000646041,0.0,0.0
2023-05-04,190.44000244140625,34.45573043823242,0.424262315183549,3.7248337388129182,0.0227526102225814,-0.8712270559519082,0.0,0.0
2023-05-05,187.4600067138672,34.17576217651367,0.4284189179317441,3.711406772269652,0.0091901962206408,-1.971269018311381,0.0,0.0
2023-05-08,187.69000244140625,34.137149810791016,0.4319545268323791,3.699974660993085,0.0098507047938856,-1.8284956200375146,0.0,0.0
2023-05-09,189.02000427246097,34.030948638916016,0.4346223512467254,3.6913739355608586,0.0174483772326743,-1.0815265353571828,0.0,0.0
2023-05-10,188.75,33.78960037231445,0.4373105926979491,3.68271218645653,0.0183109745584832,-0.945376490996969,0.0,0.0
2023-05-11,187.1300048828125,32.360782623291016,0.4390864968002128,3.677022174280289,0.0281008149753514,0.03282925457809412,0.0,0.0
2023-05-12,186.80999755859375,32.43801498413086,0.4410033517727041,3.6709105980509977,0.0247847971901613,-0.23575995967255775,0.0,0.0
2023-05-15,187.2100067138672,32.7372932434082,0.4425645057305175,3.665927626504174,0.0224105208825351,-0.4360712453176926,0.0,0.0
2023-05-16,184.8699951171875,31.868412017822266,0.4437625056444201,3.66211352059804,0.021404249105708,-0.49794561685632244,0.0,0.0
2023-05-17,184.22999572753903,31.598100662231445,0.44517863633696,3.657647664055781,0.0212922703045466,-0.46900019964219686,0.0,0.0
2023-05-18,181.83999633789065,30.777494430541992,0.4465154752459465,3.653423725191008,0.0195914717608269,-0.6872536500217414,0.0,0.0
2023-05-19,183.63999938964844,31.047813415527344,0.4478277496721933,3.6493036428393455,0.0251487278525992,0.29111331948061636,0.0,0.0
2023-05-22,183.2100067138672,30.767841339111328,0.4489632124398055,3.6457433561756063,0.0265307234114127,0.5855974995216707,0.0,0.0
2023-05-23,183.42999267578125,30.555448532104492,0.4506716666326247,3.6403344362129744,0.0304074962578679,1.3033404552247843,0.0,0.0
2023-05-24,181.9499969482422,29.85069274902344,0.4523785369620375,3.634940038561525,0.0324202410941953,1.6545269582689073,0.0,0.0
2023-05-25,180.1999969482422,29.21352195739746,0.453963127536922,3.6299519051170455,0.0321570701044473,1.654764557259185,0.0,0.0
2023-05-26,180.9199981689453,29.35833168029785,0.4554860736132688,3.625166009066059,0.0335389499603717,1.7432749391760929,0.0,0.0
2023-05-30,182.0399932861328,29.155595779418945,0.4571840671280278,3.619824873520078,0.0424811245972964,2.753385893783462,-1.0,-1.0
2023-05-31,182.32000732421875,29.841039657592773,0.4589154247014108,3.614407428698366,0.0329321657141923,1.2557124170490883,-1.0,0.0
2023-06-01,183.7599945068359,30.902997970581055,0.4607642214820803,3.6085709425821806,0.0242451817739635,-0.004567474720833432,0.0,1.0
2023-06-02,181.0500030517578,30.323747634887695,0.4623892146823416,3.603436445933058,0.0176966394216506,-0.9002208828242496,0.0,0.0
2023-06-05,182.13999938964844,30.468563079833984,0.463734051311778,3.599192587073918,0.0211450163025999,-0.39321498384137243,0.0,0.0
2023-06-06,182.33999633789065,30.53614044189453,0.4658220152026999,3.5925369544665777,0.020732129542635,-0.43931994028938715,0.0,0.0
2023-06-07,180.1499938964844,29.97620010375977,0.4676601465089773,3.5867037430434827,0.0168527504658282,-0.9384425688979909,0.0,0.0
2023-06-08,182.52999877929688,30.449254989624023,0.4692097614248211,3.5818085689455947,0.0222565532619114,-0.15371557157839824,0.0,0.0
2023-06-09,182.0399932861328,30.00516128540039,0.4710213091244478,3.5760630656231944,0.0260458684659701,0.35292652838846644,0.0,0.0
2023-06-12,181.8800048828125,30.15962791442871,0.4727286840084865,3.570669819040966,0.0223250863862221,-0.18322610261519132,0.0,0.0
2023-06-13,180.5399932861328,29.821733474731445,0.4737328492531478,3.5675275419452053,0.0199892749038452,-0.5270753771530589,0.0,0.0
2023-06-14,180.63999938964844,29.802425384521484,0.4751623235040869,3.5630064115542064,0.0205185187631036,-0.4500911305569895,0.0,0.0
2023-06-15,181.91000366210935,29.927928924560547,0.4760180386596317,3.5603651626118564,0.0252605569903421,0.24045751773375154,0.0,0.0
2023-06-16,181.6300048828125,30.304441452026367,0.47680037837895,3.5579694836510254,0.0174957884544122,-0.8439114561841456,0.0,0.0
2023-06-20,179.75,29.09766960144043,0.4774810826400999,3.55585906729892,0.026282455973706,0.35301049099596493,0.0,0.0
2023-06-21,179.49000549316406,29.020435333251953,0.4781749712941875,3.5537317201607346,0.0258943843733918,0.23121234335246463,0.0,0.0
2023-06-22,177.7100067138672,28.817699432373047,0.4788368945316213,3.5517191067795397,0.0190680390095501,-0.9385106093643272,0.0,0.0
2023-06-23,178.1999969482422,28.75977325439453,0.4794613494320918,3.549825807317112,0.0225807344072448,-0.3710903965254337,0.0,0.0
2023-06-26,178.50999450683594,29.03009033203125,0.47992002520426,3.5484529565411336,0.0196612294198939,-0.8237793624445024,0.0,0.0
2023-06-27,177.69000244140625,28.624614715576172,0.4802285145127576,3.547514281269372,0.0217115317460097,-0.45093751423823714,0.0,0.0
2023-06-28,177.27999877929688,28.20948600769043,0.4806058834533713,3.546409171231228,0.0262617955122221,0.30894239306628385,0.0,0.0
2023-06-29,177.08999633789062,28.595653533935547,0.4809093324075055,3.5455592106418616,0.0184873520705668,-0.9973865097500301,0.0,0.0
2023-06-30,178.27000427246094,29.068706512451172,0.4811337282126837,3.544907569688305,0.0171335634947267,-1.1790335065917057,0.0,0.0
2023-07-03,178.47000122070312,29.628650665283203,0.4814093300514439,3.544055979162719,0.0089926177458918,-2.26052570031237,1.0,1.0
2023-07-05,177.83999633789062,28.798389434814453,0.481761776747573,3.542869735673519,0.0191410383711874,-0.6833460811438649,1.0,0.0
2023-07-06,177.30999755859375,28.064672470092773,0.4820153853287548,3.5421073052072183,0.0285064109775667,0.7140944260536115,0.0,-1.0
2023-07-07,178.63999938964844,28.43153190612793,0.4822013323753762,3.541607740459307,0.0295964784827322,0.884975288697389,0.0,0.0
2023-07-10,178.77999877929688,29.001127243041992,0.4822572738520608,3.541594048003242,0.0206402924130095,-0.4149298740124072,0.0,0.0
2023-07-11,179.4499969482422,29.19421005249023,0.4822782871546461,3.541685031009721,0.0210189023518276,-0.3088335933696905,0.0,0.0
2023-07-12,181.8800048828125,30.71957015991211,0.4823474646080832,3.541610031533188,0.0097453332551609,-1.9482467238464996,0.0,0.0
2023-07-13,182.0099945068359,31.076772689819336,0.4823196974992722,3.5418037250413925,0.004785199128122,-2.7195939120630364,1.0,1.0
2023-07-14,181.42999267578125,30.854726791381836,0.4821779705163247,3.5423419183389395,0.0049998738299228,-2.4302276805211522,1.0,0.0
2023-07-17,181.55999755859375,30.86438369750977,0.4819963525184615,3.5430355948975474,0.0054944866579873,-2.0848113542096196,1.0,0.0
2023-07-18,183.63999938964844,31.501558303833008,0.4818130580032389,3.543711953843278,0.0069924779993222,-1.7106431489173854,1.0,0.0
2023-07-19,183.6699981689453,31.240896224975582,0.4816942047906354,3.5441803756945793,0.0110998451780632,-1.0572082387746131,1.0,0.0
2023-07-20,182.7400054931641,30.304441452026367,0.4816583495536132,3.544395752982664,0.020590279806945,0.27198752713356106,0.0,-1.0
2023-07-21,182.17999267578125,30.400983810424805,0.4817071732604024,3.5443820120857503,0.0158360710251823,-0.38828580038906996,0.0,0.0
2023-07-24,181.3999938964844,30.20789909362793,0.4816851280675089,3.5445656969230717,0.0145060605369371,-0.5378018640869047,0.0,0.0
2023-07-25,182.41000366210935,30.680953979492188,0.4818003582355164,3.544269732498007,0.0124752122288063,-0.7662986490328224,0.0,0.0
2023-07-26,183.3000030517578,30.555448532104492,0.4821741753210378,3.5430735761052796,0.0192352608364618,0.2038970267607385,0.0,0.0
2023-07-27,180.4199981689453,29.30040740966797,0.4832563531101725,3.539501506221704,0.0235386050340213,0.7908571063624243,0.0,0.0
2023-07-28,181.86000061035156,29.657611846923828,0.4837295754426531,3.538010146326153,0.0255197736752332,1.0287027890243003,0.0,0.0
2023-07-31,182.3500061035156,30.323747634887695,0.4843531182329865,3.536019673705062,0.0173287824792698,-0.06928198936371786,0.0,0.0
2023-08-01,180.4600067138672,29.18455696105957,0.484996653213421,3.5339167915932155,0.025388429414054,1.0100179502229187,0.0,0.0
2023-08-02,179.60000610351562,28.267412185668945,0.4855009989943435,3.5323163512312545,0.036012475744279,2.254704375905475,-1.0,-1.0
2023-08-03,179.5399932861328,28.267412185668945,0.4860398261199948,3.530616533282897,0.0355774869805474,2.0268148201811385,-1.0,0.0
2023-08-04,180.19000244140625,28.53772735595703,0.4866228364280852,3.5287672254838114,0.0344610598935464,1.7302960318416485,-1.0,0.0
2023-08-07,179.77999877929688,28.31568145751953,0.4876276614068113,3.5254763295661347,0.0359155335620897,1.746370315990058,-1.0,0.0
2023-08-08,178.63999938964844,28.07432556152344,0.4883739250206373,3.523050859126472,0.0336652860195529,1.4020558522451618,-1.0,0.0
2023-08-09,177.7899932861328,28.12259864807129,0.4888376388986464,3.521589030212927,0.0279713107883861,0.781209911642381,-1.0,0.0
2023-08-10,177.60000610351562,28.161216735839844,0.489105419387934,3.520774840562691,0.0261516741340575,0.5948661990956199,-1.0,0.0
2023-08-11,177.60000610351562,28.441186904907227,0.4894666175384167,3.519626527393816,0.0212522303061826,0.08219861917704537,-1.0,0.0
2023-08-14,177.05999755859375,27.948823928833008,0.4897250641579412,3.518823998411713,0.0266964761635231,0.6062006719062263,-1.0,0.0
2023-08-15,176.58999633789062,27.23441505432129,0.4900900253781911,3.5176625179427266,0.036674733439562,1.5086988264966013,-1.0,0.0
2023-08-16,175.57000732421875,26.86755752563477,0.4901135044191391,3.5176832739512607,0.0374304934178466,1.465614332883982,-1.0,0.0
2023-08-17,175.3000030517578,26.65516471862793,0.4900108206222902,3.518135777660519,0.0396658721023621,1.5812477790482495,-1.0,0.0
2023-08-18,175.3300018310547,26.50069808959961,0.4897088556728232,3.519274707082233,0.0425355185431515,1.7225984021154674,-1.0,0.0
2023-08-21,175.80999755859375,26.751705169677734,0.4897277453771018,3.519313916902339,0.0405516013977305,1.433505978077278,-1.0,0.0
2023-08-22,176.10000610351562,26.98340606689453,0.4897547967538405,3.519331147520341,0.0378700791875479,1.130884188951964,-1.0,0.0
2023-08-23,177.88999938964844,27.74608612060547,0.4900975282506341,3.518274340033769,0.0342504957731124,0.7728896379452993,-1.0,0.0
2023-08-24,177.85000610351562,27.688161849975582,0.490438154280716,3.5172380701372874,0.0349549236538191,0.7819994443371077,-1.0,0.0
2023-08-25,177.6199951171875,27.41784286499023,0.4906662600861564,3.516584296074728,0.0383709364202324,1.0351050080366566,-1.0,0.0
2023-08-28,178.1300048828125,27.997095108032227,0.4907307897851882,3.5164929298286376,0.0308562814503936,0.27655384911806197,-1.0,0.0
2023-08-29,179.8699951171875,28.508766174316406,0.4909440951127924,3.515881201714368,0.0315865241857071,0.2917391459251792,-1.0,0.0
2023-08-30,180.32000732421875,28.499113082885746,0.4918910388328049,3.5127841439050784,0.0341764533620301,0.5268532348254467,-1.0,0.0
2023-08-31,180.02000427246094,28.24810218811035,0.4932212531679684,3.5083943362530947,0.0368084765173666,0.7808258106999425,-1.0,0.0
2023-09-01,180.11000061035156,28.083982467651367,0.4947705806701179,3.5032737124164917,0.0401355250696289,1.1158989210959223,-1.0,0.0
2023-09-05,178.63999938964844,27.504730224609375,0.4962655560294473,3.4983528080007495,0.0422180813323462,1.3196777865858464,-1.0,0.0
2023-09-06,177.8300018310547,27.485424041748047,0.4982474500224617,3.4917875688288027,0.0380199120182114,0.7523701296898333,-1.0,0.0
2023-09-07,178.02000427246094,27.301992416381836,0.4995991805314422,3.487330194250751,0.04241138619569,1.3312350881603938,-1.0,0.0
2023-09-08,178.0800018310547,27.35991859436035,0.5010890543360581,3.482421346044565,0.041668226104913,1.1491540652846546,-1.0,0.0
2023-09-11,178.41000366210938,27.775047302246097,0.5018701156590334,3.4799048347462938,0.035893916280254,0.21366348457179352,-1.0,0.0
2023-09-12,177.49000549316406,27.79435920715332,0.5024613002728591,3.478025233209587,0.0302891074931928,-0.860128411930078,0.0,1.0
2023-09-13,177.0800018310547,27.726778030395508,0.5024894559296411,3.478040468180745,0.0290908539118293,-1.1412250975453735,0.0,0.0
2023-09-14,177.1699981689453,28.103290557861328,0.5023936172315373,3.478472724251511,0.0227088176136698,-2.0857378129498247,1.0,1.0
2023-09-15,178.33999633789062,28.69219398498535,0.5028660178307169,3.4769529360456968,0.0188061871489964,-2.3842967484959043,1.0,0.0
2023-09-18,179.38999938964844,28.72115707397461,0.503171024629653,3.4759954428675703,0.0241026045001788,-1.44766254737427,1.0,0.0
2023-09-19,179.22000122070312,28.38326072692871,0.5032910071184256,3.475691016303495,0.0290122616074866,-0.6727834690234902,1.0,0.0
2023-09-20,179.35000610351562,28.682540893554688,0.5033232582058778,3.475699138353132,0.0243419827928708,-1.282957119958386,1.0,0.0
2023-09-21,178.0500030517578,27.910205841064453,0.5029143220472047,3.4771950572088737,0.0306714022956056,-0.38392896514854796,1.0,0.0
2023-09-22,178.6199951171875,27.87158966064453,0.5027646185908026,3.4778179590637723,0.0344391521110054,0.12717767755477064,0.0,-1.0
2023-09-25,177.6999969482422,27.52404022216797,0.5027765066044084,3.477904618819555,0.0354579073594134,0.22167718281125204,0.0,0.0
2023-09-26,176.27999877929688,26.780668258666992,0.5027208371669889,3.4782164719076087,0.0410717716060293,1.039239078097151,0.0,0.0
2023-09-27,174.10000610351562,25.97937393188477,0.5033402924573913,3.4762496498368423,0.0438484312074161,1.3946410110783691,0.0,0.0
2023-09-28,173.22999572753906,26.114530563354492,0.5037484498384444,3.474994140106354,0.0361507963484468,0.21851012319196841,0.0,0.0
2023-09-29,171.4499969482422,25.97937393188477,0.5043146637335794,3.4731832910135267,0.0284027469121488,-0.9128179447929383,0.0,0.0
2023-10-02,169.64999389648438,25.09119033813477,0.5034142900744614,3.4763075265626755,0.0351689205663996,0.16682751886296318,0.0,0.0
2023-10-03,169.16000366210938,25.168420791625977,0.5015449938909792,3.4827142258476966,0.0303522587156876,-0.5465179172056104,0.0,0.0
2023-10-04,169.13999938964844,25.01395606994629,0.4991360573583192,3.490947257809178,0.0328439632216559,-0.12234772448759047,0.0,0.0
2023-10-05,168.8300018310547,25.40977668762207,0.497005689263292,3.4982394523261133,0.0227728420423929,-1.6038837981705474,0.0,0.0
2023-10-06,169.6999969482422,25.960063934326172,0.4955715215449437,3.5031615259657767,0.0170125539135987,-2.1854266825037363,1.0,1.0
2023-10-09,172.82000732421875,26.58758544921875,0.494574576800061,3.506591077794323,0.0232351569190196,-1.2241681021165731,1.0,0.0
2023-10-10,172.52999877929688,26.848247528076172,0.4931636965939447,3.511459094606099,0.016504567012018,-1.9415118699314433,1.0,0.0
2023-10-11,173.7899932861328,27.34061050415039,0.4928334347578637,3.512627908939022,0.0147428177511192,-1.9484324582440813,1.0,0.0
2023-10-12,173.25999450683594,26.780668258666992,0.4919283288565023,3.5157474498062724,0.0217428023065124,-1.0456759010979149,1.0,0.0
2023-10-13,178.8300018310547,27.948823928833008,0.4908512095229501,3.5194640221273996,0.0322529656862462,0.2057783683772217,0.0,-1.0
2023-10-16,177.9600067138672,27.997095108032227,0.4901222683000235,3.5220534063365134,0.0263686552936599,-0.44445942964930807,0.0,0.0
2023-10-17,178.2899932861328,28.508766174316406,0.4892601396808747,3.525072631270743,0.019213761489536,-1.2299293332756203,0.0,0.0
2023-10-18,180.8699951171875,28.43153190612793,0.4895563433301803,3.5241451352188835,0.0348441033796298,0.6997855230967993,0.0,0.0
2023-10-19,183.08999633789065,28.489456176757812,0.4882654377681835,3.5286541167487595,0.0458619842936736,1.993736931284083,0.0,0.0
2023-10-20,183.58999633789065,28.460494995117188,0.486752762949746,3.5339589444747928,0.0488461517339997,2.2023694097425066,-1.0,-1.0
2023-10-23,182.97000122070312,28.22879409790039,0.4850727698497297,3.5398350179892972,0.0491779931444735,2.039898061529477,-1.0,0.0
2023-10-24,182.9499969482422,28.24810218811035,0.4820142813774057,3.5503763971366387,0.0484140980843985,1.7838230655489924,-1.0,0.0
2023-10-25,183.72000122070312,27.784704208374023,0.4785664898304965,3.5622523745672905,0.0601730582846062,2.514728594071144,-1.0,0.0
2023-10-26,184.0099945068359,27.533693313598633,0.4745785381243873,3.575977296042813,0.065590125770778,2.5420543918330623,-1.0,0.0
2023-10-27,186.1499938964844,28.19017791748047,0.4692511562652667,3.5942607439785528,0.0654747932820472,2.2358673671309237,-1.0,0.0
2023-10-30,185.1000061035156,27.775047302246097,0.4642173579850263,3.6115956052359497,0.0661780694726505,2.0379903780850386,-1.0,0.0
2023-10-31,184.08999633789065,27.041332244873047,0.4585010365701771,3.6312196338577225,0.0723591476238274,2.161147697440453,-1.0,0.0
2023-11-01,183.5099945068359,27.137874603271484,0.4500277123241621,3.6601805262805818,0.0665784767035049,1.650138264037198,-1.0,0.0
2023-11-02,184.1199951171875,27.282686233520508,0.4409625426082631,3.6911148380811047,0.0665394349153718,1.5169835725966494,-1.0,0.0
2023-11-03,184.7899932861328,28.45083999633789,0.4322174165138876,3.720986449958831,0.051092849645693,0.5977328677811001,-1.0,0.0
2023-11-06,183.3500061035156,28.14190673828125,0.4260210152107756,3.742163563075275,0.0474905531378873,0.3691482734971854,-1.0,0.0
2023-11-07,182.58999633789065,27.601272583007812,0.4195015673952507,3.7644013037225186,0.0509936194177136,0.5469166409140672,-1.0,0.0
2023-11-08,180.77000427246097,26.732398986816406,0.4121234027245359,3.789595102213884,0.0534439150328465,0.6626163417055984,-1.0,0.0
2023-11-09,181.4900054931641,26.63585662841797,0.4021596903678792,3.823542493319998,0.057666110432649,0.8500236110381897,-1.0,0.0
2023-11-10,179.50999450683594,26.307615280151367,0.3934709310089267,3.853227867262628,0.0504087695816046,0.40894573278882523,-1.0,0.0
2023-11-13,180.5099945068359,26.104877471923828,0.3840213757036601,3.885449473877911,0.0576120289298929,0.7653133383825095,-1.0,0.0
2023-11-14,182.1199951171875,27.350265502929688,0.3765521648378112,3.9110297052958223,0.0477280511788942,0.1848058327552062,-1.0,0.0
2023-11-15,181.63999938964844,27.215106964111328,0.3718466993699593,3.927248510240123,0.0462813963285713,0.07895168726334684,-1.0,0.0
2023-11-16,183.69000244140625,27.620582580566406,0.3670304081760936,3.943819913363182,0.0514167674402186,0.3242066194997155,-1.0,0.0
2023-11-17,183.6699981689453,27.446807861328125,0.3626282632376279,3.95899301368086,0.0530322270020304,0.3663411086608776,-1.0,0.0
2023-11-20,183.3699951171875,27.52404022216797,0.3576466816704182,3.976120073011984,0.0497657283740355,0.11696542457003095,-1.0,0.0
2023-11-21,185.3500061035156,28.19983291625977,0.3521889367650248,3.994850155417553,0.0513256368905628,0.15365663509990352,-1.0,0.0
2023-11-22,184.55999755859375,28.238449096679688,0.3468779990917863,4.013138004157578,0.0460266441436845,-0.3140262344971221,0.0,1.0
2023-11-24,185.52000427246097,28.30602645874023,0.34100669462102,4.033310814278236,0.0498410377919853,-0.10282841358854113,0.0,0.0
2023-11-27,186.77000427246097,28.75977325439453,0.3359183796112442,4.050914849492898,0.0506207577861639,-0.09299331023894727,0.0,0.0
2023-11-28,189.2599945068359,30.14031982421875,0.3322291266650629,4.063809774990615,0.0477847697791125,-0.4446967868912257,0.0,0.0
2023-11-29,189.5399932861328,30.12101173400879,0.3299520407843191,4.071924080758247,0.0491156921693871,-0.5154204816913978,0.0,0.0
2023-11-30,188.75,30.236862182617188,0.3260134733069472,4.085624249383145,0.0433990664373951,-1.323791049894629,0.0,0.0
2023-12-01,192.0099945068359,30.709917068481445,0.3230136853500903,4.096163295167131,0.0551961038012862,0.15875089061811862,0.0,0.0
2023-12-04,187.86000061035156,29.947237014770508,0.3226976662152665,4.0976968253987005,0.0410097744362651,-1.6025263146749715,0.0,0.0
2023-12-05,187.1499938964844,29.42591094970703,0.3227217501178556,4.098000206132196,0.0425053797341048,-1.3482242668023066,0.0,0.0
2023-12-06,187.83999633789065,29.36798667907715,0.3219528225850018,4.100992945458996,0.0464275548549499,-0.8539377688568468,0.0,0.0
2023-12-07,188.1499938964844,29.27144432067871,0.3191299194337454,4.110949494666504,0.0487119326468539,-0.5328041313764487,0.0,0.0
2023-12-08,185.63999938964844,28.65357780456543,0.3162789209374254,4.121002605179738,0.0416029009594423,-1.322660591573767,0.0,0.0
2023-12-11,183.58999633789065,28.528074264526367,0.3137124915802552,4.130059178629521,0.0314301799995302,-2.3132672093970186,1.0,1.0
2023-12-12,183.4900054931641,27.861936569213867,0.3111714183692548,4.138988800872026,0.0378227261793728,-1.4784278398571713,1.0,0.0
2023-12-13,187.6300048828125,29.638303756713867,0.3075418142387593,4.151587695194122,0.0406042800858719,-1.1495135120438777,1.0,0.0
2023-12-14,188.72999572753903,30.22720718383789,0.3052451374759378,4.159733567318789,0.0400817840036138,-1.1976375329579731,1.0,0.0
2023-12-15,187.0,29.879657745361328,0.3051201269787945,4.160523828525587,0.0340374343131157,-2.0604253703227307,1.0,0.0
2023-12-18,187.8500061035156,30.15441131591797,0.3042388305055568,4.163845843445531,0.0354597329263759,-1.6762753810370974,1.0,0.0
2023-12-19,189.1300048828125,30.95905303955078,0.3014421310186875,4.1736471116348,0.0340375316409522,-1.7236683375955753,1.0,0.0
2023-12-20,188.1000061035156,30.20347595214844,0.3000347968737922,4.178736734054691,0.0357313437971305,-1.3741431923688006,1.0,0.0
2023-12-21,189.42999267578125,30.762798309326172,0.297376563465705,4.188047578540706,0.0370688087157269,-1.1120785158238757,1.0,0.0
2023-12-22,190.27000427246097,30.9688663482666,0.2970214832308354,4.189574987304162,0.0391996302711046,-0.7674112507120223,1.0,0.0
2023-12-26,191.72000122070312,31.076807022094727,0.2971981975002361,4.189338053295975,0.0453876787685532,0.15303851985232636,0.0,-1.0
2023-12-27,192.58999633789065,31.380998611450195,0.2969152185077255,4.190713819736075,0.046619749097343,0.4147430392350738,0.0,0.0
2023-12-28,191.47000122070312,30.586170196533203,0.2972595138543709,4.189971388182126,0.0479693351221648,0.6246851049239144,0.0,0.0
2023-12-29,191.1699981689453,30.429168701171875,0.2978658869435658,4.188347165743692,0.0474842689213979,0.5407883499713755,0.0,0.0
2024-01-02,190.72000122070312,29.98759651184082,0.2969381501296311,4.191882878985874,0.0491010469024626,0.8155616974692634,0.0,0.0
2024-01-03,189.1300048828125,29.20258140563965,0.2958199596223606,4.196053789274411,0.0482082439052753,0.7202916720832084,0.0,0.0
2024-01-04,189.32000732421875,29.21239471435547,0.2936729036154094,4.203672584577776,0.0487396062041218,0.8166228991417538,0.0,0.0
2024-01-05,189.3500061035156,29.21239471435547,0.2927265718898685,4.207247581610254,0.0485165365357413,0.8085896860336885,0.0,0.0
2024-01-08,187.8699951171875,29.143707275390625,0.2934114665966719,4.205325754203395,0.0409708588102288,-0.4190256186522345,0.0,0.0
2024-01-09,187.92999267578125,28.623632431030273,0.2937708441754304,4.204514379478046,0.0461793670671681,0.47548550078614593,0.0,0.0
2024-01-10,187.5,28.564756393432617,0.2945801687591324,4.20216661267781,0.0441283490841586,0.1697916354892008,0.0,0.0
2024-01-11,187.8699951171875,28.348875045776367,0.2948617767308406,4.201574280452851,0.0479849598371409,0.8378412372447444,0.0,0.0
2024-01-12,189.7100067138672,29.143707275390625,0.2955706718818047,4.199563176482577,0.0491984976916644,1.047450301001418,0.0,0.0
2024-01-16,187.91000366210935,27.858240127563477,0.2969863484905294,4.195165353426265,0.052685958209321,1.5305322296925536,0.0,0.0
2024-01-17,185.83999633789065,26.99472427368164,0.2969619639820455,4.1956215811187,0.0505843301717909,1.2606900267116772,0.0,0.0
2024-01-18,187.3699951171875,27.073225021362305,0.2958160531084399,4.199825710561857,0.0574969031945773,2.1640722947271693,-1.0,-1.0
2024-01-19,187.92999267578125,27.17135429382324,0.2933034749614989,4.208654168027631,0.0588793848530997,2.108643830855209,-1.0,0.0
2024-01-22,187.22000122070312,27.083038330078125,0.2906773602177306,4.217871044116636,0.0554955939339611,1.5085942959194136,-1.0,0.0
2024-01-23,187.9499969482422,27.70123863220215,0.2884079934382509,4.225837790353925,0.0523976096362286,1.0430326410902533,-1.0,0.0
2024-01-24,186.3999938964844,27.18116569519043,0.2879370546374474,4.227753204964932,0.0492225459470345,0.5687098800052072,-1.0,0.0
2024-01-25,187.13999938964844,27.720863342285156,0.2867653496155521,4.232012002302314,0.0471573598102734,0.2268846350884937,-1.0,0.0
2024-01-26,187.0099945068359,27.544235229492188,0.2866880687194493,4.232569758113195,0.0479939361325234,0.30684906860533717,-1.0,0.0
2024-01-29,188.3300018310547,27.82880401611328,0.2867646522979895,4.232613602312292,0.0517823847285336,0.8203073076371409,-1.0,0.0
2024-01-30,188.58999633789065,27.62273597717285,0.2871208146019998,4.231749856694768,0.0549750796780514,1.2123622675732668,-1.0,0.0
2024-01-31,188.4499969482422,27.416671752929688,0.2865606124107873,4.233978634905875,0.0560085281706328,1.3054202245895508,-1.0,0.0
2024-02-01,190.41000366210935,28.486255645751953,0.2852041179047904,4.238889047323254,0.0550217487751973,1.1001036566668478,-1.0,0.0
2024-02-02,188.61000061035156,27.49517250061035,0.2856997895366743,4.23754750212095,0.0553218058535307,1.120578127164621,-1.0,0.0
2024-02-05,187.57000732421875,26.8475341796875,0.2847239142691061,4.2411420322811555,0.0562189016684904,1.2502209216163458,-1.0,0.0
2024-02-06,188.5500030517578,27.20079040527344,0.2826058818121944,4.248635296027659,0.0572111861751833,1.4123184469067749,-1.0,0.0
2024-02-07,188.5,26.945659637451172,0.2798913983400594,4.2581914916494235,0.0589940048487065,1.7154403523298993,-1.0,0.0
2024-02-08,188.3300018310547,26.78865623474121,0.2765193542448229,4.269957778650324,0.0590482763038746,1.5944948443599563,-1.0,0.0
2024-02-09,187.6000061035156,26.4648380279541,0.273459864736052,4.280683492577412,0.0578241068961817,1.2485271342292779,-1.0,0.0
2024-02-12,187.11000061035156,26.778844833374023,0.2696017768570817,4.294074446711532,0.0512761439655093,-0.12363721729052467,0.0,1.0
2024-02-13,184.52999877929688,25.405067443847656,0.2660265630944364,4.306497193107489,0.0507325784150287,-0.26290579045949275,0.0,0.0
2024-02-14,184.4199981689453,25.52281951904297,0.2603169942250874,4.326090166481918,0.0478096996634969,-0.8645932070717275,0.0,0.0
2024-02-15,185.66000366210935,26.268585205078125,0.2550793659992147,4.34410107205042,0.0461212885836328,-1.1862132139518684,0.0,0.0
2024-02-16,186.33999633789065,26.35689926147461,0.2511720726682778,4.35762706296066,0.0481786559454713,-0.7554109318060814,0.0,0.0
2024-02-20,187.47000122070312,26.48446273803711,0.2460863517996676,4.375138609006838,0.0521639640912612,0.04052735412400097,0.0,0.0
2024-02-21,187.47999572753903,26.317649841308594,0.2407655510438869,4.393457725028256,0.0528533351620703,0.11240257206449988,0.0,0.0
2024-02-22,187.55999755859375,25.670011520385746,0.235003691537377,4.413244908307244,0.0581908834020277,1.2590787861077413,0.0,0.0
2024-02-23,188.6199951171875,26.16064453125,0.227346363088827,4.439437589021752,0.0581800270561929,1.2074758894180544,0.0,0.0
2024-02-26,188.1999969482422,25.758323669433594,0.2195746534255789,4.466019287378153,0.0581410502509038,1.123317051624656,0.0,0.0
2024-02-27,188.0,25.54244613647461,0.2109319617839729,4.495532710763146,0.0574176367402747,0.8841933545863455,0.0,0.0
2024-02-28,188.33999633789065,25.297128677368164,0.2011055178710569,4.529049061337222,0.0594899931206924,1.3018453414552862,0.0,0.0
2024-02-29,189.30999755859375,25.86626434326172,0.1911282465145634,4.5630761542006,0.0585810770909569,1.0132927594871612,0.0,0.0
2024-03-01,192.88999938964844,26.818096160888672,0.1827910609305525,4.591577051061466,0.0693291698900644,2.9328593502014195,-1.0,-1.0
2024-03-04,196.0099945068359,27.975994110107425,0.1763554941442917,4.613720096295062,0.0769442448370254,3.3825687579742496,-1.0,0.0
2024-03-05,197.19000244140625,28.12318420410156,0.1718900254520499,4.629273340527497,0.0813671241955127,3.1608459311567088,-1.0,0.0
2024-03-06,198.80999755859375,28.613819122314453,0.1685417792399382,4.641057533794071,0.0860214965807006,2.987947798989957,-1.0,0.0
2024-03-07,199.94000244140625,29.055391311645508,0.1653401554576024,4.652377334975797,0.0885752768166057,2.7118906491994426,-1.0,0.0
2024-03-08,201.6300048828125,29.084829330444336,0.1604527164352485,4.669426193926568,0.0962477389434068,2.814693428447608,-1.0,0.0
2024-03-11,202.0,29.565650939941406,0.1553218235915497,4.687331599818241,0.0949211523716799,2.356990374420888,-1.0,0.0
2024-03-12,199.7899932861328,29.02595329284668,0.1518639619636399,4.699565869163168,0.0861941777717056,1.5917697046138815,-1.0,0.0
2024-03-13,201.19000244140625,29.722654342651367,0.1491161735547446,4.709307364894777,0.0891538126527242,1.6409007918652156,-1.0,0.0
2024-03-14,200.3500061035156,29.33014678955078,0.1502332716476334,4.706002147100105,0.0864832019912427,1.359253918503847,-1.0,0.0
2024-03-15,199.7100067138672,29.33014678955078,0.1504188886855749,4.705851758205138,0.0828069425651714,1.052753195740289,-1.0,0.0
2024-03-18,200.02999877929688,29.182954788208008,0.150691966271402,4.705363292237609,0.0847319302592692,1.096956970634315,-1.0,0.0
2024-03-19,199.8000030517578,28.51569175720215,0.1505804277241169,4.706167686142988,0.0866363200922624,1.1345543668368812,-1.0,0.0
2024-03-20,202.17999267578125,29.69321632385254,0.1495005095069693,4.710156387417955,0.0920579057242791,1.3586212501912922,-1.0,0.0
2024-03-21,201.97000122070312,29.398834228515625,0.1513395401262895,4.704348558976285,0.0920984404514833,1.2661866762086205,-1.0,0.0
2024-03-22,200.3500061035156,29.045578002929688,0.1523189013352457,4.701490890562249,0.0854329708099541,0.823796959369571,-1.0,0.0
2024-03-25,200.9900054931641,29.271270751953125,0.1525146305654229,4.7011912388925685,0.0870820488785488,0.86056675769209,-1.0,0.0
2024-03-26,201.63999938964844,29.290895462036133,0.1530685660031404,4.699658803048474,0.0898702166763918,0.9568219452713701,-1.0,0.0
2024-03-27,203.1000061035156,30.380104064941406,0.1541787380220748,4.696315802214295,0.0910491826417025,0.9620604405343789,-1.0,0.0
2024-03-28,205.72000122070312,31.02774429321289,0.1582413366350694,4.683075737746243,0.0999000048169911,1.3995174626498805,-1.0,0.0
2024-04-01,207.82000732421875,31.43006134033203,0.1644354510464988,4.662680510275307,0.1070570849980718,1.7192097007066094,-1.0,0.0
2024-04-02,210.88999938964844,31.83238220214844,0.1721890814186275,4.637080728693718,0.1183983639530437,2.194827213097855,-1.0,0.0
2024-04-03,212.7400054931641,32.51927185058594,0.1816975731681241,4.605595765762178,0.1218344359363792,2.1735819426515435,-1.0,0.0
2024-04-04,211.52000427246097,32.166015625,0.193645767014374,4.56593067241624,0.1162617823401133,1.7375600415651713,-1.0,0.0
2024-04-05,215.13999938964844,33.20615768432617,0.2043497957563668,4.53042660810151,0.1250791185574611,2.032631340035111,-1.0,0.0
2024-04-08,216.47999572753903,32.97065734863281,0.2182675112647696,4.484096558835562,0.1304217458228391,2.108196979017199,-1.0,0.0
2024-04-09,217.6699981689453,33.539791107177734,0.2324983103441227,4.436750105261046,0.1295256632549799,1.903860583854853,-1.0,0.0
2024-04-10,215.61000061035156,33.049156188964844,0.2494135791193512,4.380401642057796,0.1206218701805434,1.3747895750445647,-1.0,0.0
2024-04-11,219.8000030517578,33.80473709106445,0.2643944647941373,4.330558809050667,0.1313318446476783,1.815180215878185,-1.0,0.0
2024-04-12,216.88999938964844,33.12765884399414,0.2831433136257055,4.2680735057170995,0.1202108544305318,1.1820448908299386,-1.0,0.0
2024-04-15,220.9499969482422,32.90196228027344,0.2991618779146439,4.214742956077082,0.1380617783330215,1.9937977520264751,-1.0,0.0
2024-04-16,221.22000122070312,32.41133117675781,0.3168573357252364,4.15583130392562,0.1411355775810019,1.9602998557583358,-1.0,0.0
2024-04-17,219.58999633789065,32.921592712402344,0.3346737445421637,4.0965861555956575,0.1257828443227451,1.0892705440898556,-1.0,0.0
2024-04-18,220.33999633789065,33.11784362792969,0.3519531467971248,4.039089812303705,0.1242205473018573,0.9430077591290296,-1.0,0.0
2024-04-19,221.02999877929688,33.431854248046875,0.3701263140925385,3.9785854321211858,0.1207513095735031,0.7108126567000024,-1.0,0.0
2024-04-22,215.57000732421875,31.92069435119629,0.3885557191546801,3.9172151907672657,0.1104031733385531,0.14495397559848966,-1.0,0.0
2024-04-23,215.0399932861328,32.43095779418945,0.4017702311096487,3.8733575594309393,0.0996622501776745,-0.4310317082694203,0.0,1.0
2024-04-24,214.63999938964844,32.4996452331543,0.4155223618635214,3.827674781616557,0.0947588533489929,-0.7160025808397155,0.0,0.0
2024-04-25,215.9199981689453,33.68698501586914,0.4291641739884586,3.782345475263761,0.0831442068691377,-1.3118574686431606,0.0,0.0
2024-04-26,216.6199951171875,33.93230056762695,0.4438713774140834,3.733373059094704,0.0804057813662622,-1.4259726998934867,0.0,0.0
2024-04-29,216.17999267578125,34.118743896484375,0.4581434141277236,3.685859375426566,0.0730758710588856,-1.7453881203789408,0.0,0.0
2024-04-30,211.8699951171875,32.50946044921875,0.4731751383706759,3.635792255167941,0.0728066229884767,-1.6885237025077968,0.0,0.0
2024-05-01,213.7899932861328,32.695899963378906,0.4849258565716013,3.5967643610653273,0.0771722909607257,-1.429053424729621,0.0,0.0
2024-05-02,213.1300048828125,32.95103073120117,0.497437252289269,3.555207323638288,0.0681405973964093,-1.7420359735289184,0.0,0.0
2024-05-03,212.9600067138672,32.81365203857422,0.5118147689824157,3.5073408208352164,0.0670977175096032,-1.6739607360479662,0.0,0.0
2024-05-06,215.1999969482422,33.56922912597656,0.5256773502963532,3.461189333437618,0.0633533660357335,-1.7307267969092168,0.0,0.0
2024-05-07,214.2100067138672,33.52997970581055,0.5426492729578074,3.404587395937048,0.0563464896602683,-1.8731443809016373,0.0,0.0
2024-05-08,213.5800018310547,33.520164489746094,0.5602964732826989,3.345744252971478,0.0504235451647181,-1.9260334360155784,0.0,0.0
2024-05-09,216.9499969482422,34.69769287109375,0.5774717071141604,3.2884742616938643,0.0430892109068725,-1.9894849580923424,0.0,0.0
2024-05-10,218.7100067138672,34.58974838256836,0.5939743339359288,3.2334165335456087,0.0495480326041484,-1.624450490670023,0.0,0.0
2024-05-13,216.2599945068359,34.295372009277344,0.6107309455887944,3.1775291797442047,0.0400119269835164,-1.7619670272671946,0.0,0.0
2024-05-14,218.08999633789065,34.736942291259766,0.6216978553653327,3.141036238889202,0.0382095895379421,-1.6611801321663802,0.0,0.0
2024-05-15,220.88999938964844,35.237388610839844,0.6331498111714762,3.1029190252050793,0.039397997404726,-1.4992640727000828,0.0,0.0
2024-05-16,220.02999877929688,34.992069244384766,0.6459446345928312,3.060302341534314,0.0370499323099977,-1.447902104003327,0.0,0.0
2024-05-17,223.66000366210935,36.17940902709961,0.6562009480470777,3.0262102748517496,0.0291461475273999,-1.5419221382845627,0.0,0.0
2024-05-20,224.55999755859375,36.542476654052734,0.6652575669718759,2.996119734369834,0.0241102453581047,-1.5566771330382785,0.0,0.0
2024-05-21,224.22999572753903,36.238285064697266,0.6718805020297922,2.9741897074227097,0.0263535374303591,-1.3957415930045856,0.0,0.0
2024-05-22,220.11000061035156,34.78600311279297,0.6787447951575737,2.9514384466676504,0.0336777038755817,-1.1215060043572296,0.0,0.0
2024-05-23,215.72000122070312,34.09911346435547,0.6850835766848481,2.9304722532916188,0.0256631587342299,-1.2592053450195606,0.0,0.0
2024-05-24,215.9199981689453,34.59955978393555,0.6896018883664704,2.915587256101492,0.0154812867483409,-1.4335227293271076,0.0,0.0
2024-05-28,218.19000244140625,35.423828125,0.6921216560950393,2.9073675223270152,0.0089345220363235,-1.5319065860432697,0.0,0.0
2024-05-29,216.16000366210935,34.5308723449707,0.6932679188443919,2.9037319231432224,0.0168333729281346,-1.2709914450920974,0.0,0.0
2024-05-30,216.57000732421875,34.893943786621094,0.6951843586382112,2.8975280159703036,0.0108732068703343,-1.38476631521372,0.0,0.0
2024-05-31,215.3000030517578,34.63881301879883,0.6963162721378289,2.8939031402287627,0.0097056289854071,-1.3706816170439895,0.0,0.0
2024-06-03,217.22000122070312,34.844879150390625,0.697950688890842,2.8886363615870634,0.0139168897049257,-1.2005495057336035,0.0,0.0
2024-06-04,215.27000427246097,33.539791107177734,0.7015977154557782,2.8766606524943774,0.0307073047626778,-0.5735871491290421,0.0,0.0
2024-06-05,217.82000732421875,34.138370513916016,0.7054977409964962,2.8639046643824795,0.0290596665094673,-0.5880582990887806,0.0,0.0
2024-06-06,219.42999267578125,35.335514068603516,0.7096268343598586,2.850358889982254,0.0109337946465206,-1.272914903276396,0.0,0.0
2024-06-07,211.6000061035156,32.911781311035156,0.7124265103226232,2.841230975935492,0.0243691480186658,-0.6515039316313006,0.0,0.0
2024-06-10,213.5399932861328,33.392601013183594,0.7149052358316532,2.833236364755197,0.0224611774842156,-0.6891988678389174,0.0,0.0
2024-06-11,214.1499938964844,33.11784362792969,0.7179596881572943,2.8232832772394945,0.030482639048162,-0.25300538640971904,0.0,0.0
2024-06-12,214.72000122070312,33.363162994384766,0.7207650687507292,2.8141726808134093,0.0271130178160872,-0.36899959552868117,0.0,0.0
2024-06-13,212.97000122070312,32.529083251953125,0.7236578339131481,2.8047723362241745,0.0365050282507093,0.23088350781716138,0.0,0.0
2024-06-14,215.72999572753903,32.78421401977539,0.7262757591065134,2.796335420394957,0.0430281920154138,0.7239019339361373,0.0,0.0
2024-06-17,214.61000061035156,32.578147888183594,0.7293617842319823,2.786339784201214,0.0416474811651168,0.7558726432251041,0.0,0.0
2024-06-18,215.47000122070312,33.068782806396484,0.7323007028034646,2.7768209039628555,0.0339810798347697,0.31380181648772026,0.0,0.0
2024-06-20,218.16000366210935,33.902862548828125,0.735635936450659,2.7659757824813944,0.0272401540414772,-0.14925743262179353,0.0,0.0
2024-06-21,214.77999877929688,33.35335159301758,0.7374036443365819,2.760324128118961,0.0230988288592124,-0.44929068114236553,0.0,0.0
2024-06-24,215.6300048828125,33.60847854614258,0.7385678239386986,2.756694208388015,0.0209675757383651,-0.5907886081071891,0.0,0.0
2024-06-25,214.55999755859375,33.20615768432617,0.7394019526116109,2.754191071726151,0.024468993098984,-0.20525925320837585,0.0,0.0
2024-06-26,212.5800018310547,33.1865348815918,0.7402784915271107,2.7515423162488055,0.0152140418077433,-1.0650535239171581,0.0,0.0
2024-06-27,214.9900054931641,33.5888557434082,0.7407855111757066,2.750127756270527,0.0171995359116783,-0.8063632393580715,0.0,0.0
2024-06-28,215.0099945068359,33.29447555541992,0.7411417981359756,2.7492086780565597,0.0234836874563351,-0.10500364177169576,0.0,0.0
2024-07-01,215.57000732421875,33.25522232055664,0.7415574666314326,2.748080708641414,0.0266305705349427,0.2810262401298935,0.0,0.0
2024-07-02,215.55999755859375,33.382789611816406,0.7422607481499378,2.7460370906320346,0.0233214353572028,-0.06658567297346421,0.0,0.0
2024-07-03,217.9900054931641,34.61918640136719,0.7432067295188114,2.7431818299730697,0.0070394714899153,-1.727907209445154,0.0,0.0
2024-07-05,220.92999267578125,35.59064865112305,0.743887154867864,2.741213375383407,-0.0005941033120429,-2.220518176204479,1.0,1.0
2024-07-08,218.19000244140625,35.423828125,0.743120680165235,2.7440442522940156,-0.0096753463470946,-2.6233670106399516,1.0,0.0
2024-07-09,218.55999755859375,35.43363952636719,0.7412477579098948,2.7505236406935296,-0.0079842656496511,-2.178069488814391,1.0,0.0
2024-07-10,219.36000061035156,36.35603332519531,0.7397433007368277,2.7557726884295857,-0.0232225819051814,-2.7853747741536443,1.0,0.0
2024-07-11,223.25,37.376556396484375,0.7370406688010651,2.765078432050667,-0.0256426632119364,-2.5375427357207108,1.0,0.0
2024-07-12,223.11000061035156,37.455055236816406,0.734025779128231,2.7754409488954295,-0.0272554225788796,-2.2945277825283044,1.0,0.0
2024-07-15,223.8300018310547,37.23917770385742,0.7325903133713823,2.78054071164913,-0.0196977688022448,-1.7394285496323922,1.0,0.0
2024-07-16,228.2899932861328,38.54426574707031,0.7325173120063071,2.781083086128583,-0.0254784619974177,-1.848972250904358,1.0,0.0
2024-07-17,227.22999572753903,37.71999740600586,0.731229434722402,2.7857160974066235,-0.0142554619051749,-1.2406054339209376,1.0,0.0
2024-07-18,225.77999877929688,37.160675048828125,0.7312379240921575,2.7859956344944266,-0.0100432607236307,-0.9802702587211524,1.0,0.0
2024-07-19,221.72999572753903,36.689666748046875,0.7324961313921898,2.7820666754035432,-0.01942003390897,-1.3074659834662672,1.0,0.0
2024-07-22,221.8000030517578,36.74854278564453,0.7325954725706596,2.7820095229983632,-0.0205797314410558,-1.2738473399995425,1.0,0.0
2024-07-23,222.5800018310547,36.74854278564453,0.7314254617295951,2.7861894168340715,-0.0170322837778833,-1.0478551806727388,1.0,0.0
2024-07-24,221.8000030517578,36.53266525268555,0.7306617146024004,2.7890270252667406,-0.0163228856963177,-0.9534448127263716,1.0,0.0
2024-07-25,218.3300018310547,35.512142181396484,0.7297974138245076,2.792208978987448,-0.0114865937036139,-0.6961967943561925,1.0,0.0
2024-07-26,220.6300048828125,35.79671096801758,0.729902584880114,2.792141551192695,-0.0071407937209784,-0.4667146258692446,1.0,0.0
2024-07-29,220.32000732421875,35.953712463378906,0.7300540198812133,2.791904104111316,-0.0120461604121313,-0.6285893751998602,1.0,0.0
2024-07-30,222.52000427246097,36.25790786743164,0.7288139505139346,2.7963180087437753,-0.0082222859183724,-0.4047817720523276,1.0,0.0
2024-07-31,226.5500030517578,37.21955108642578,0.7280579884310749,2.7991070317578597,-0.0094063720755039,-0.408342467540286,1.0,0.0
2024-08-01,225.77000427246097,36.57191467285156,0.7276797162355093,2.8006623245063738,-0.0002689999576181,0.12533684350111385,0.0,-1.0
2024-08-02,225.33999633789065,35.79671096801758,0.7271110349885312,2.8028335475596515,0.0132782175208472,0.9192791108149238,0.0,0.0
2024-08-05,222.47999572753903,34.67806625366211,0.7270550585957856,2.8032428969809216,0.0233789770381811,1.4867244498084082,0.0,0.0
2024-08-06,220.6999969482422,34.9626350402832,0.7273178051112248,2.802610169931995,0.0091030586448184,0.7225216862096389,0.0,0.0
2024-08-07,220.5500030517578,34.05986404418945,0.7269807885828659,2.8039757798703295,0.0272734307409381,1.7489301803802417,0.0,0.0
2024-08-08,224.0099945068359,34.884132385253906,0.7272443099713027,2.803357009306069,0.0251385507836827,1.5676356922722539,0.0,0.0
2024-08-09,224.55999755859375,35.168701171875,0.7274677837918484,2.802867472502554,0.0213762781756177,1.337044678803443,0.0,0.0
2024-08-12,228.41000366210935,36.20884704589844,0.727429231128877,2.803280080791287,0.0168979223350609,1.1201595821462085,0.0,0.0
2024-08-13,228.05999755859375,36.67985534667969,0.7272746561973824,2.8040795347456005,0.0057202920079548,0.5578195818217924,0.0,0.0
2024-08-14,226.1999969482422,36.414913177490234,0.7264938064735336,2.8069985973127656,0.0026914156551072,0.4391490319742061,0.0,0.0
2024-08-15,226.91000366210935,36.5915412902832,0.7254093583716124,2.8109042892569738,0.0023081761866814,0.4277349998446658,0.0,0.0
2024-08-16,231.9900054931641,37.769065856933594,0.7244130074208663,2.814446507034238,0.0015488989443053,0.3759149054717593,0.0,0.0
2024-08-19,231.61000061035156,38.485389709472656,0.7233800422920147,2.8180969505782074,-0.0135807720705196,-0.5468130320922125,0.0,0.0
2024-08-20,232.4600067138672,38.76014709472656,0.7213319234402328,2.825137590950556,-0.0146134208241592,-0.5933503891165232,0.0,0.0
2024-08-21,232.1499938964844,39.025089263916016,0.7193195203898698,2.8320392244847272,-0.0203895423884965,-0.9578960925335194,0.0,0.0
2024-08-22,229.3699951171875,38.05363082885742,0.7167659441672212,2.8407867151199504,-0.013759080013429,-0.588609867406919,0.0,0.0
2024-08-23,232.02000427246097,38.60314178466797,0.7147168891245259,2.847859415899412,-0.0121350957239725,-0.5355834461379478,0.0,0.0
2024-08-26,232.7599945068359,38.49520492553711,0.7127184666755157,2.8548083570311555,-0.0066032721818292,-0.20777441020325418,0.0,0.0
2024-08-27,233.38999938964844,38.485389709472656,0.7111149757189581,2.860427526417536,-0.0034844907515729,-0.05162468601969929,0.0,0.0
2024-08-28,231.75,37.64149856567383,0.7097763370462541,2.8651337788667077,0.0053808385371638,0.5179637051622275,0.0,0.0
2024-08-29,232.9499969482422,38.15176010131836,0.708875469991284,2.868427233961562,0.0009756040399038,0.18759931011759667,0.0,0.0
2024-08-30,231.2899932861328,37.89662551879883,0.7078914003813763,2.8720026108895027,-0.0014179076254974,-0.021803273513695688,0.0,0.0
2024-09-03,230.2899932861328,36.57191467285156,0.7068066764757274,2.875904530615631,0.0194392749678931,1.3797578394731267,0.0,0.0
2024-09-04,230.42999267578125,36.218658447265625,0.706706563713932,2.8765003870686883,0.0266709113843663,1.7427082474085858,0.0,0.0
2024-09-05,232.3500061035156,36.63079071044922,0.7068980838217185,2.876108467371224,0.0266747650672618,1.6110491140372458,0.0,0.0
2024-09-06,230.6300048828125,35.63970947265625,0.7071177976664657,2.8755947433943794,0.0383624885018498,2.1390776062439008,-1.0,-1.0
2024-09-09,231.6000061035156,36.07146453857422,0.707441247978059,2.8747884070846275,0.0336912870019867,1.6814406086696965,-1.0,0.0
2024-09-10,232.6199951171875,36.52285385131836,0.7077846817086414,2.8738726553371796,0.0289680026145253,1.2986467466150122,-1.0,0.0
2024-09-11,232.25,36.689666748046875,0.7079798343408694,2.873451999411212,0.0238684549372889,0.9262517695717306,-1.0,0.0
2024-09-12,236.3300018310547,38.47557830810547,0.7078324664860263,2.874222292361864,0.0074015631402186,-0.1068992064530717,0.0,1.0
2024-09-13,238.67999267578125,39.33909606933594,0.7068533781108886,2.8778065903033685,0.0015968327675652,-0.4707676862143837,0.0,0.0
2024-09-16,238.66000366210935,39.14284133911133,0.7054879040527982,2.88269999655855,0.0051623381414556,-0.23304324649146946,0.0,0.0
2024-09-17,237.33999633789065,38.750335693359375,0.7042628166582181,2.887164132353492,0.0067422564463557,-0.10217654112277244,0.0,0.0
2024-09-18,235.5099945068359,38.32838821411133,0.7032476849887359,2.8909476671287555,0.006630425943273,-0.10400997167453432,0.0,0.0
2024-09-19,239.1699981689453,38.97602462768555,0.7023114197949185,2.8944417605835966,0.0102035276234193,0.1605048264528757,0.0,0.0
2024-09-20,242.2100067138672,39.751224517822266,0.7015709244594157,2.897250004723687,0.0089215389135741,0.11527485272081685,0.0,0.0
2024-09-23,242.67999267578125,39.57460403442383,0.700790166541919,2.900220297854819,0.013885674073264,0.46496260773936693,0.0,0.0
2024-09-24,246.07000732421875,40.63437271118164,0.700172021345557,2.9026059552057326,0.0091428212668835,0.16664441049926562,0.0,0.0
2024-09-25,245.72999572753903,40.53624725341797,0.6994185185983335,2.905424633695051,0.0094238821341585,0.17716547799117882,0.0,0.0
2024-09-26,246.97999572753903,40.86006164550781,0.6986262067859352,2.908366196207971,0.0089309626699085,0.13015274478229222,0.0,0.0
2024-09-27,245.02000427246097,39.604042053222656,0.6979305237498022,2.910931231588715,0.0227702568564236,0.9996810401836008,0.0,0.0
2024-09-30,243.05999755859375,39.07415008544922,0.698053408197251,2.91069570469467,0.0239249806300376,1.0108591016367878,0.0,0.0
2024-10-01,245.61000061035156,39.692352294921875,0.6977852781830859,2.9118485880597778,0.0232380963834053,0.9068786780571398,0.0,0.0
2024-10-02,245.66000366210935,39.61384963989258,0.697186623475889,2.914167883518676,0.0247063559026141,0.9480402159679684,0.0,0.0
2024-10-03,245.4900054931641,38.81902313232422,0.6970209992119447,2.914945599734329,0.0379732434789099,1.783640835404139,0.0,0.0
2024-10-04,245.0,38.809207916259766,0.697085291002718,2.915002715631602,0.0358591418187037,1.5520504900456544,0.0,0.0
2024-10-07,244.1699981689453,38.298946380615234,0.697190462322248,2.9148944888160364,0.0414164889225894,1.8417676602384965,0.0,0.0
2024-10-08,242.3699951171875,38.25970077514648,0.69682021522978,2.9165041913691416,0.0344716709689727,1.261174615492445,0.0,0.0
2024-10-09,241.0500030517578,38.063446044921875,0.6958227149392628,2.9202979496548753,0.0324305667550408,1.0460125591584255,0.0,0.0
2024-10-10,242.82000732421875,39.12321472167969,0.695006513858758,2.9234532182597723,0.0204757232457915,0.08349664061983576,0.0,0.0
2024-10-11,245.47000122070312,39.29984664916992,0.6935486893656732,2.928819895386948,0.0281846025994942,0.6405964845144108,0.0,0.0
2024-10-14,245.07000732421875,39.40778350830078,0.6925050686039622,2.93280753858264,0.0244981351327808,0.28581305563421044,0.0,0.0
2024-10-15,245.9199981689453,39.91804504394531,0.6914012372445352,2.9369482399195586,0.0189802609515075,-0.18938738223075596,0.0,0.0
2024-10-16,247.1499938964844,40.232051849365234,0.6906677800214251,2.9397778546882725,0.0184321861088561,-0.21368614676141476,0.0,0.0
2024-10-17,248.6300048828125,40.71287155151367,0.6897377765938697,2.9433138189098296,0.0161084261963182,-0.38517858417357875,0.0,0.0
2024-10-18,251.27000427246097,42.34178161621094,0.6886574241986827,2.9474076288277447,-0.0004348647339158,-1.6927568888115314,0.0,0.0
2024-10-21,251.22000122070312,42.41046905517578,0.6870802362776198,2.953100048456329,-0.001532203625759,-1.6483059839080514,0.0,0.0
2024-10-22,253.92999267578125,43.2641716003418,0.6857510139784186,2.957888012536627,-0.0042762365511279,-1.7153038285723243,0.0,0.0
2024-10-23,250.8699951171875,42.4497184753418,0.6843198076723858,2.9630094744765936,-0.0031244309340117,-1.4949187513076438,0.0,0.0
2024-10-24,252.8000030517578,41.34088516235352,0.6829606963472752,2.967879679564332,0.0228403845233895,0.4889751593409223,0.0,0.0
2024-10-25,253.32000732421875,40.78156280517578,0.6829595021117988,2.968135011614711,0.0339475548448158,1.2674735798960433,0.0,0.0
2024-10-28,253.3300018310547,40.58530807495117,0.6837782517805964,2.9655204739857193,0.0368639499558716,1.386566248294706,0.0,0.0
2024-10-29,256.0899963378906,41.23294448852539,0.6848997379406919,2.961831785388977,0.0363923150943819,1.2574488346315176,0.0,0.0
2024-10-30,257.5,40.73249435424805,0.6860423159325533,2.9580843424693124,0.0497585649267628,2.027613386332625,-1.0,-1.0
2024-10-31,253.5099945068359,39.58441162109375,0.687773627645839,2.952319015027399,0.0531533777263399,2.0240021627174714,-1.0,0.0
2024-11-01,252.47000122070312,39.10358810424805,0.6897355078308913,2.9457093532820915,0.0568649474770497,2.028578497297228,-1.0,0.0
2024-11-04,252.8300018310547,39.15265655517578,0.6914721076645101,2.9399189792968543,0.0568463354993271,1.8321668228230978,-1.0,0.0
2024-11-05,253.3999938964844,39.35872268676758,0.6932029249312106,2.934147421856344,0.0548832255955025,1.5799501015297555,-1.0,0.0
2024-11-06,245.6999969482422,37.916255950927734,0.6942334363502434,2.930910847661803,0.049398113314071,1.1832961339803612,-1.0,0.0
2024-11-07,249.6499938964844,38.828834533691406,0.6945487566098671,2.93015018544103,0.0484425257799143,1.0568396722694795,-1.0,0.0
2024-11-08,247.9600067138672,38.28913879394531,0.6952370593018428,2.9280467114730566,0.0509660777367981,1.123589639221359,-1.0,0.0
2024-11-11,242.13999938964844,36.042030334472656,0.696187787458653,2.924987508183781,0.068914107895269,1.9050102053409983,-1.0,0.0
2024-11-12,240.0500030517578,35.43363952636719,0.6970938619833233,2.92212895950016,0.0717232586883014,1.8501470379383054,-1.0,0.0
2024-11-13,237.6300048828125,34.893943786621094,0.6976375103892082,2.9205574530352116,0.0719304143073804,1.6955014527613341,-1.0,0.0
2024-11-14,237.0099945068359,35.05094909667969,0.6984610631888591,2.9179644482194877,0.0658496734982563,1.326660038980936,-1.0,0.0
2024-11-15,236.58999633789065,34.844879150390625,0.6982858027321491,2.918935444153707,0.0678458485998705,1.324941812812071,-1.0,0.0
2024-11-18,241.08999633789065,36.32659530639648,0.6980185544249875,2.9202347665929587,0.0572688802725434,0.8315338054289603,-1.0,0.0
2024-11-19,243.25,37.17049026489258,0.6982369277311276,2.919790397713405,0.0498131160776926,0.4869631149134088,-1.0,0.0
2024-11-20,244.6199951171875,37.01348876953125,0.6986763393370027,2.918526147546205,0.0580622457354511,0.7956280294541993,-1.0,0.0
2024-11-21,246.66000366210935,37.42561721801758,0.6991047390192653,2.917347729146889,0.0582573136949156,0.751485552292239,-1.0,0.0
2024-11-22,249.83999633789065,37.56299591064453,0.6995502809639731,2.91613516351618,0.0681026346146911,1.0944546225262888,-1.0,0.0
2024-11-25,242.47999572753903,36.4443473815918,0.7000948322388749,2.914635926743771,0.0588918345000823,0.6630244647947101,-1.0,0.0
2024-11-26,242.9499969482422,36.5915412902832,0.7001035731596225,2.914965730687136,0.0576451021856696,0.564088261855672,-1.0,0.0
2024-11-27,243.4900054931641,36.74854278564453,0.700074694218441,2.9154414869791783,0.0564962032254365,0.4700548120980047,-1.0,0.0
2024-11-29,245.58999633789065,36.954612731933594,0.6999870054790358,2.9161982270644717,0.0607288093417759,0.6022576330759456,-1.0,0.0
2024-12-02,243.44000244140625,36.14015579223633,0.7000732159412026,2.9163557852493174,0.0670688579973237,0.8416808632570756,-1.0,0.0
2024-12-03,243.92999267578125,36.99386215209961,0.6998260746192575,2.9177374529325943,0.0522454095760913,0.05965215037064918,-1.0,0.0
2024-12-04,244.6699981689453,36.89573287963867,0.6999073764610358,2.9178847804979133,0.056692637492671,0.22683768941050994,-1.0,0.0
2024-12-05,242.86000061035156,36.82704544067383,0.6995911265772314,2.9194641699391792,0.0501327168383936,-0.42032415791843714,0.0,1.0
2024-12-06,242.9499969482422,36.13034439086914,0.6990773870894738,2.921679708938962,0.0634923206661559,0.7366915003953539,0.0,0.0
2024-12-09,245.36000061035156,37.199928283691406,0.6986652688013387,2.9235735135409664,0.0525650229134635,-0.49048589784852015,0.0,0.0
2024-12-10,248.58999633789065,37.26861572265625,0.6984673029393681,2.924658134432919,0.0639862344645276,0.7626924240449321,0.0,0.0
2024-12-11,250.9600067138672,38.35782623291016,0.698353842368997,2.9254870596935625,0.0529389930353989,-0.7660903650631331,0.0,0.0
2024-12-12,247.27999877929688,36.954612731933594,0.697935126514958,2.927379298258302,0.0638122150711337,0.7154600025547545,0.0,0.0
2024-12-13,244.2899932861328,35.963531494140625,0.6976527889517654,2.928774132716726,0.0702369925569401,1.510339415613496,0.0,0.0
2024-12-16,244.8800048828125,35.737831115722656,0.6969453554990073,2.931774581692789,0.0765709065773192,2.114914943733813,-1.0,-1.0
2024-12-17,243.94000244140625,35.512142181396484,0.6962502243334274,2.9347909568193744,0.0766053058829534,1.9045128068920156,-1.0,0.0
2024-12-18,239.2599945068359,33.883235931396484,0.6951848916198703,2.9391180055682025,0.0893517779015775,2.8151969175514586,-1.0,0.0
2024-12-19,239.6000061035156,33.74585723876953,0.6933486511478588,2.946219713197341,0.0929559654716856,2.693149994909874,-1.0,0.0
2024-12-20,242.1000061035156,34.079490661621094,0.6915984914572595,2.953082194098526,0.0958280330668355,2.5481689797115443,-1.0,0.0
2024-12-23,240.9600067138672,34.16189193725586,0.6898423253449482,2.9599353088254405,0.0887860114617637,1.7962912627526026,-1.0,0.0
2024-12-24,241.44000244140625,34.16189193725586,0.68827482378859,2.9661226107691765,0.0901237637742795,1.7447296198948172,-1.0,0.0
2024-12-26,243.07000732421875,34.221458435058594,0.6867966658515816,2.9720051222634365,0.0949927918806921,1.9171309480059322,-1.0,0.0
2024-12-27,241.3999938964844,34.012969970703125,0.6855052032992351,2.977232558570388,0.0916227868577452,1.5644230036035198,-1.0,0.0
2024-12-30,240.6300048828125,33.52650451660156,0.6841806640184968,2.982575201839185,0.0976127166686433,1.7850772288822674,-1.0,0.0
2024-12-31,242.1300048828125,33.665496826171875,0.682294263338322,2.989877887792972,0.1003272219068014,1.7787208005062174,-1.0,0.0
2025-01-02,245.4199981689453,35.08518600463867,0.6804233316101138,2.9971332675465776,0.0850419198739329,0.8132174203319794,-1.0,0.0
2025-01-03,243.4900054931641,34.74763870239258,0.6793489720229412,3.001495655310064,0.0831742603867029,0.650559067976233,-1.0,0.0
2025-01-06,243.19000244140625,34.330665588378906,0.6779751643506494,3.0068712431347193,0.0896251787863624,0.975639168180482,-1.0,0.0
2025-01-07,244.55999755859375,34.79727554321289,0.6763537091631113,3.013146111360795,0.0855706237004811,0.6795589313998186,-1.0,0.0
2025-01-08,245.86000061035156,35.64114761352539,0.6749461054691684,3.0186546093804205,0.0741872119789759,-0.027944077294286284,0.0,1.0
2025-01-10,248.2100067138672,35.71064376831055,0.6735800494466603,3.024000387065436,0.0819238298618572,0.40429356431235747,0.0,0.0
2025-01-13,245.7400054931641,35.12489700317383,0.6725396227572537,3.028183001336193,0.0825829672453757,0.4012789624181229,0.0,0.0
2025-01-14,247.02999877929688,36.05812072753906,0.6710418165368269,3.0339891289250858,0.0697470951199301,-0.4501907635485151,0.0,0.0
2025-01-15,248.8800048828125,36.45523452758789,0.6700576492397246,3.037908160353438,0.0694784123752567,-0.4939692524453239,0.0,0.0
2025-01-16,250.6000061035156,36.355953216552734,0.6691535916352169,3.041581551812107,0.0777681263998335,0.02891101328007318,0.0,0.0
2025-01-17,249.27000427246097,36.48501968383789,0.6687303913418234,3.043511392611918,0.0696677514819237,-0.5733060504336068,0.0,0.0
2025-01-21,253.1300048828125,37.33881759643555,0.6685195867221533,3.044621832620633,0.0692180969714018,-0.6546697771906519,0.0,0.0
2025-01-22,254.42999267578125,37.25939178466797,0.6690560399447136,3.043067128382429,0.075378040970568,-0.294582685493664,0.0,0.0
2025-01-23,254.07000732421875,37.229610443115234,0.6697036512269345,3.041141894405218,0.0740799141951669,-0.4329475216341105,0.0,0.0
2025-01-24,255.6499938964844,37.676368713378906,0.6701562503396221,3.039907474674341,0.0718826261901659,-0.7139505182578759,0.0,0.0
2025-01-27,252.9900054931641,37.080692291259766,0.6702105246998622,3.040118361012541,0.071696381728584,-0.7713405411966192,0.0,0.0
2025-01-28,255.17999267578125,37.42816925048828,0.6700218727501627,3.041172039028152,0.0736940600771856,-0.7311327593038346,0.0,0.0
2025-01-29,254.1999969482422,37.62672805786133,0.6695903071077922,3.0431319654100673,0.0659068144373211,-1.5223872036846076,0.0,0.0
2025-01-30,258.04998779296875,39.135765075683594,0.6691654063209067,3.0450257859120633,0.0542733900741598,-2.395392216446436,1.0,1.0
2025-01-31,258.55999755859375,38.67908477783203,0.6690926306252332,3.0456280031214993,0.0637661331651884,-1.441798244280497,1.0,0.0
2025-02-03,259.94000244140625,39.274757385253906,0.6694202778175086,3.04482526943642,0.0584635483720408,-1.7519835950761466,1.0,0.0
2025-02-04,262.5,39.74136734008789,0.6700136180594501,3.043043322829077,0.0599545408947772,-1.5013632922443898,1.0,0.0
2025-02-05,264.1300048828125,40.74408721923828,0.6702066898800958,3.042747418168792,0.0490295536311169,-2.122361252470264,1.0,0.0
2025-02-06,263.42999267578125,40.833438873291016,0.6708380100486453,3.0407978996243044,0.044515262829015,-2.2014844497031003,1.0,0.0
2025-02-07,263.8999938964844,40.56538391113281,0.6718789183914197,3.0373346076116348,0.0503250272721054,-1.6400901941376442,1.0,0.0
2025-02-10,268.3699951171875,41.65745162963867,0.6728721856942819,3.0340759209385366,0.0488271499842785,-1.605541838082676,1.0,0.0
2025-02-11,267.3900146484375,41.14120101928711,0.6745862702571521,3.028224569269978,0.0530397877919899,-1.245395429681388,1.0,0.0
2025-02-12,267.6700134277344,41.826229095458984,0.676558855150139,3.021455275491551,0.0423511783138739,-1.8083986468314084,1.0,0.0
2025-02-13,270.30999755859375,42.20348358154297,0.6785822123429338,3.0144410526566885,0.0455325795362631,-1.5160386280445706,1.0,0.0
2025-02-14,266.2900085449219,40.78379821777344,0.6800522987695425,3.0094450645409387,0.0533132372656002,-0.9561232662670376,1.0,0.0
2025-02-18,270.70001220703125,41.240482330322266,0.6834734257781476,2.9974436447247323,0.0614426252048581,-0.31799757898970366,1.0,0.0
2025-02-19,270.8500061035156,41.240482330322266,0.6872594754726082,2.9841793186906447,0.0611789838651999,-0.291435340194757,1.0,0.0
2025-02-20,270.989990234375,41.9354362487793,0.6898203012679964,2.975321591062162,0.0495011404538106,-1.1422292876600757,1.0,0.0
2025-02-21,270.739990234375,40.50581741333008,0.6922473751588305,2.966882456427344,0.0719604548523182,0.7491113157038238,0.0,-1.0
2025-02-24,272.2099914550781,40.674591064453125,0.6954881564510381,2.955612899222823,0.0737574807904657,0.9042808400783745,0.0,0.0
2025-02-25,268.6199951171875,40.088844299316406,0.6995058999682471,2.9415516323638897,0.0698011936185381,0.6267593401379447,0.0,0.0
2025-02-26,269.0299987792969,40.56538391113281,0.7053459054480091,2.9208860938371517,0.062100802289736,0.00430515400023697,0.0,0.0
2025-02-27,264.92999267578125,39.17547607421875,0.7103866673350372,2.9030590017318665,0.0706721274140607,0.806025126354871,0.0,0.0
2025-02-28,263.2699890136719,39.4336051940918,0.716464965744877,2.8815088676484244,0.0589358829292896,-0.2646686548519705,0.0,0.0
2025-03-03,266.739990234375,39.423675537109375,0.7235161884563421,2.856395706114892,0.0714149860537602,0.9602463870329664,0.0,0.0
2025-03-04,269.05999755859375,39.98956680297851,0.7332100432528468,2.82182124744692,0.0685809504975107,0.6905231885671138,0.0,0.0
2025-03-05,269.6199951171875,41.39932632446289,0.7419973241182203,2.7904952232106135,0.0438659425678178,-1.5748800201405861,0.0,0.0
2025-03-06,268.25,41.0617790222168,0.7491499012598257,2.7649312837548816,0.0438379771366488,-1.4716612445306523,0.0,0.0
2025-03-07,268.3900146484375,41.33975982666016,0.7540195102693896,2.747589365531838,0.0385233644485198,-1.806080670260575,0.0,0.0
2025-03-10,266.0400085449219,40.2179069519043,0.7590929623668339,2.72947573969655,0.0498444654763874,-0.7238558742090464,0.0,0.0
2025-03-11,269.1600036621094,41.5383186340332,0.7637334081194452,2.712967678186424,0.0361969342635655,-1.8180649625505099,0.0,0.0
2025-03-12,270.3299865722656,41.59788513183594,0.7675779367879438,2.6992739822851437,0.038800991683483,-1.4854302417265959,0.0,0.0
2025-03-13,275.1300048828125,42.8984375,0.7725977431844159,2.6813345507493764,0.0318414305998349,-1.9054322421218868,0.0,0.0
2025-03-14,275.239990234375,43.325340270996094,0.7764499266526428,2.6675906384132233,0.0238166678640281,-2.262962763472369,1.0,1.0
2025-03-17,276.7300109863281,44.248634338378906,0.7803088271521603,2.653768755624109,0.0120400682710739,-2.658847643538879,1.0,0.0
2025-03-18,279.9599914550781,44.526611328125,0.7819276380710066,2.6479852317221524,0.0183961178285683,-1.9908398277360582,1.0,0.0
2025-03-19,281.1099853515625,44.90387344360352,0.7850051086189813,2.6369550092687555,0.0152201680481791,-1.9608962457578487,1.0,0.0
2025-03-20,280.75,44.834381103515625,0.7875262265120359,2.627918025280251,0.014603796215356,-1.8130662843627858,1.0,0.0
2025-03-21,278.489990234375,44.17913818359375,0.7907066444442234,2.616477945643431,0.0175075978684855,-1.5351088410900333,1.0,0.0
2025-03-24,277.25,43.93094253540039,0.7966344103131784,2.595083065728626,0.0164721731849626,-1.4709856436038284,1.0,0.0
2025-03-25,278.4700012207031,44.69538879394531,0.7996571950828552,2.5842116358163345,0.0065050465794618,-1.7936660181989894,1.0,0.0
2025-03-26,278.239990234375,44.3479118347168,0.8027602530967932,2.5729764420429317,0.0113880134834678,-1.4422216165368067,1.0,0.0
2025-03-27,281.9700012207031,45.430049896240234,0.8068162560591173,2.5583108111064625,0.0045388354206972,-1.6186845016004556,1.0,0.0
2025-03-28,284.05999755859375,45.241424560546875,0.8099161458251884,2.5470672647773203,0.014707220130397,-1.1027962704471248,1.0,0.0
2025-03-31,288.1400146484375,45.63854217529297,0.8146042826205337,2.530114286872324,0.0209308204283384,-0.7844762194885379,1.0,0.0
2025-04-01,287.57000732421875,45.469764709472656,0.8173009036908511,2.5204523669139225,0.0213375200714311,-0.7149736947667873,1.0,0.0
2025-04-02,288.1600036621094,45.430049896240234,0.8195585636089124,2.512388939790379,0.0235490542997363,-0.5727411604828815,1.0,0.0
2025-04-03,286.4200134277344,45.390342712402344,0.8220129541541936,2.503620613887467,0.0176131945302895,-0.7809223622907754,1.0,0.0
2025-04-04,279.7200012207031,41.37947082519531,0.8241580519387374,2.495925203126853,0.0697007662408992,1.48831458999083,0.0,-1.0
2025-04-07,273.7099914550781,41.15113067626953,0.8277801302260788,2.4831290181602945,0.0518732513239577,0.7744710285837009,0.0,0.0
2025-04-08,275.20001220703125,41.20077133178711,0.8304464774157513,2.4737008012267783,0.0558178505321045,1.0033596467819481,0.0,0.0
2025-04-09,285.3800048828125,44.66560745239258,0.8328034285856001,2.465441882843442,0.0243898115242666,-0.41853927387477574,0.0,0.0
2025-04-10,292.3500061035156,46.82988357543945,0.8352149737340638,2.4568097062698846,0.0084696446679881,-1.126842745829876,0.0,0.0
2025-04-11,297.92999267578125,49.341644287109375,0.8357882200077537,2.4547990663473525,-0.0164852628504501,-2.132856029348073,1.0,1.0
2025-04-14,296.2300109863281,49.65933609008789,0.8331701575407682,2.4642334043019543,-0.0267819647739404,-2.3844960232346426,1.0,0.0
2025-04-15,297.7799987792969,50.16565704345703,0.8292398495089036,2.478384109678386,-0.028777370467897,-2.268553262235707,1.0,0.0
2025-04-16,307.4700012207031,51.53570938110352,0.8251920776703068,2.4929466446875574,-0.0177031787739236,-1.628465644038864,1.0,0.0
2025-04-17,306.1199951171875,50.5528450012207,0.8239834533569677,2.4971710147756236,-0.0056967772349603,-1.0374760729861117,1.0,0.0
2025-04-21,315.5899963378906,51.28751373291016,0.8255955104146667,2.491158281343152,0.0125467753913834,-0.21365398440527378,1.0,0.0
2025-04-22,311.1099853515625,49.867820739746094,0.8281586641732552,2.4818419446022464,0.0207210162283626,0.19410555039982347,0.0,-1.0
2025-04-23,303.6499938964844,48.378639221191406,0.8313558464420894,2.470256169632792,0.020741671453802,0.22148031149249187,0.0,0.0
2025-04-24,308.07000732421875,49.40121078491211,0.8339615434353629,2.4608316134255808,0.0170663251516156,0.08721194152006873,0.0,0.0
2025-04-25,304.7300109863281,48.45806121826172,0.837441177196583,2.4481567936790576,0.0214124877247989,0.31080776941499677,0.0,0.0
2025-04-28,309.07000732421875,49.07359313964844,0.8400770166112432,2.438621700859388,0.0242565602580402,0.4449602729234182,0.0,0.0
2025-04-29,306.05999755859375,48.13043975830078,0.8428436258421059,2.4286308856235084,0.0300458543363708,0.6855758812996146,0.0,0.0
2025-04-30,303.7699890136719,48.6566162109375,0.8446999593404337,2.4220666521472483,0.0127240548903211,-0.12076435261667261,0.0,0.0
2025-05-01,297.4599914550781,46.85967254638672,0.8449540020747748,2.4212754629614586,0.02333319059219,0.36498084998396696,0.0,0.0
2025-05-02,297.9800109863281,46.740535736083984,0.8455828825333134,2.4191878490320766,0.026900637463175,0.5108686702690334,0.0,0.0
2025-05-05,306.8800048828125,48.36871337890625,0.847159851807159,2.4135777487126395,0.0268703678863548,0.49276487513961637,0.0,0.0
2025-05-06,315.4800109863281,50.42378616333008,0.8492963133977907,2.4059088297407616,0.0185517111931581,0.10237428359866246,0.0,0.0
2025-05-07,310.75,49.46077728271485,0.8504510318457903,2.4018207366136606,0.0194054566235539,0.12251774447353109,0.0,0.0
2025-05-08,304.6300048828125,48.527557373046875,0.8516594158670596,2.3975272359015634,0.0153165790393758,-0.07459787805311523,0.0,0.0
2025-05-09,306.8399963378906,50.006813049316406,0.8520323373868957,2.3962998865119953,-0.0032596554395949,-0.9220295737886817,0.0,0.0
2025-05-12,298.19000244140625,46.28385162353515,0.8506907826664795,2.401272615302889,0.0342350967512583,0.7756643950202069,0.0,0.0
2025-05-13,299.4599914550781,46.20442962646485,0.8516258407472261,2.398092542193758,0.0395419894408242,0.973942021766423,0.0,0.0
2025-05-14,293.1600036621094,45.22156524658203,0.8526255646534738,2.394751175696038,0.036121869432776,0.7890808506945935,0.0,0.0
2025-05-15,297.8399963378906,46.15479278564453,0.8534784025037974,2.391890185966316,0.0341363033829127,0.6798260087234235,0.0,0.0
2025-05-16,294.239990234375,45.99594497680664,0.8541823530953463,2.389581002930072,0.0245321093064143,0.24448154750810983,0.0,0.0
2025-05-19,298.0299987792969,46.998661041259766,0.8543087892828972,2.389355454727661,0.0186480958872214,0.0658271134098191,0.0,0.0
2025-05-20,303.5799865722656,48.45806121826172,0.8543888538260045,2.389274794604713,0.0107446082921374,-0.26634709405296914,0.0,0.0
2025-05-21,305.82000732421875,49.083518981933594,0.8540441886563037,2.3907094874080737,0.0070462685478229,-0.4032232889578314,0.0,0.0
2025-05-22,303.1099853515625,48.82539367675781,0.8535231891047118,2.392824381949364,0.002559344932413,-0.6114829405691115,0.0,0.0
2025-05-23,309.75,50.16565704345703,0.8527056753948165,2.396026662231167,0.0011141749739591,-0.6735559480684503,0.0,0.0
2025-05-27,304.5,49.41114044189453,0.8517823312966963,2.3995904985634393,-0.0030203437264528,-0.9583654272193748,0.0,0.0
2025-05-28,303.80999755859375,49.98695755004883,0.8505537016337418,2.4041942151179314,-0.0149554702613654,-1.7444171080182787,0.0,0.0
2025-05-29,305.6099853515625,49.91746139526367,0.8481158762346221,2.413198776383056,-0.0073366612701226,-1.463382783322381,0.0,0.0
2025-05-30,303.6000061035156,50.28479766845703,0.8459653279894588,2.421230527864654,-0.0197601948775592,-2.2537828081451465,1.0,1.0
2025-06-02,311.6700134277344,53.38229751586914,0.8429171480726529,2.4325482821052846,-0.0432887134087369,-3.103112273596731,1.0,0.0
2025-06-03,308.9100036621094,52.70720291137695,0.8375440471378883,2.452264868575502,-0.0398694240858112,-2.489857479729421,1.0,0.0
2025-06-04,310.8999938964844,52.82633590698242,0.8325865087869366,2.470507806372228,-0.0339153923363744,-1.9699245231622335,1.0,0.0
2025-06-05,309.3299865722656,52.76676940917969,0.8280629856039863,2.4871898136492065,-0.0367809680807065,-1.8880050277307805,1.0,0.0
2025-06-06,305.17999267578125,51.247798919677734,0.8235946994266539,2.5036517043276247,-0.0249727055843074,-1.2949171570263305,1.0,0.0
2025-06-09,306.6199951171875,51.75412368774414,0.8207643627504695,2.514058490213698,-0.0275992442768346,-1.3029385268080518,1.0,0.0
2025-06-10,306.7099914550781,51.05916976928711,0.8177112910028492,2.5252916363212927,-0.0154353543954401,-0.764663245308262,1.0,0.0
2025-06-11,308.3699951171875,51.56549072265625,0.8152104345847655,2.534629675454799,-0.0175839645693676,-0.7939484312598061,1.0,0.0
2025-06-12,312.20001220703125,53.14402770996094,0.8126551357616567,2.544080096590452,-0.0291195617470156,-1.1760677305614193,1.0,0.0
2025-06-13,316.2900085449219,54.06732177734375,0.8091054215729453,2.557165324994637,-0.0290224854963963,-1.095219682455041,1.0,0.0
2025-06-16,311.7799987792969,53.16388320922851,0.8058393023559756,2.5691772395650494,-0.028784618583292,-1.0163226253464581,1.0,0.0
2025-06-17,311.94000244140625,53.12417221069336,0.8026230911873506,2.5810274498747794,-0.0267427926984007,-0.8757608895825336,1.0,0.0
2025-06-18,310.260009765625,52.61785125732422,0.8000117562020592,2.5906143955143546,-0.0236946506301221,-0.7036078167462534,1.0,0.0
2025-06-20,310.1300048828125,51.91297149658203,0.7980211089468504,2.597902778473727,-0.0127503853213406,-0.22826079212999484,1.0,0.0
2025-06-23,311.0799865722656,52.72705841064453,0.7967663588454417,2.602522437985995,-0.0217535766494352,-0.5489834985024062,1.0,0.0
2025-06-24,306.19000244140625,51.48606872558594,0.7945389725955094,2.610735091465111,-0.0180546591031012,-0.37642504596425425,1.0,0.0
2025-06-25,307.1199951171875,51.54563522338867,0.7924488821641917,2.618489533027579,-0.0154549902156295,-0.21428750661235876,1.0,0.0
2025-06-26,306.7799987792969,52.2405891418457,0.7902772648239486,2.626571552826457,-0.0266667116251424,-0.6580998147512945,1.0,0.0
2025-06-27,301.2200012207031,50.36421585083008,0.7873325116589438,2.6374837644314573,-0.0154201561933877,-0.05137610149492528,1.0,0.0
2025-06-30,304.8299865722656,51.684627532958984,0.7852938316178015,2.645075605629662,-0.0234315304227727,-0.42151410863222755,1.0,0.0
2025-07-01,307.54998779296875,51.664772033691406,0.782272702130318,2.6563146543196003,-0.0135677221979015,0.27228488418251606,0.0,-1.0
2025-07-02,309.25,52.28030014038086,0.7799675625972634,2.6649402720956776,-0.0168252295689574,0.1498572671341764,0.0,0.0
2025-07-03,307.1400146484375,52.52849960327149,0.7776699118647589,2.673503796730844,-0.0268273511011489,-0.5594867797685673,0.0,0.0
2025-07-07,307.3699951171875,52.78662109375,0.7749135850498254,2.683721083318844,-0.0291758935348003,-0.7152130499728789,0.0,0.0
2025-07-08,304.1600036621094,50.42378616333008,0.7718622910370392,2.6950428037452356,-0.0035464748934961,1.6838852022168005,0.0,0.0
2025-07-09,305.5199890136719,51.128665924072266,0.7699153119239341,2.702440588783918,-0.0095380837102556,1.2258349593889755,0.0,0.0
2025-07-10,306.20001220703125,51.52578353881836,0.7676772842832918,2.710931638561947,-0.0129401757704394,0.9667769003077117,0.0,0.0
2025-07-11,309.1400146484375,52.042030334472656,0.7648787259655854,2.721532195501485,-0.0105781439834791,1.1810150247555773,0.0,0.0
2025-07-14,308.010009765625,52.071815490722656,0.7622120470907718,2.7316527966598896,-0.0142580180410103,0.8497008248375122,0.0,0.0
2025-07-15,306.7300109863281,51.247798919677734,0.759262711450507,2.7428792036429095,-0.0058800509343042,1.6133074780688337,0.0,0.0
2025-07-16,308.260009765625,51.44635772705078,0.7571676251120266,2.7509813775597323,-0.0036868247083363,1.7614492438978098,0.0,0.0
2025-07-17,307.5899963378906,50.87054061889648,0.7551494330020541,2.758819633651487,0.0027515074808857,2.245299128698921,-1.0,-1.0
2025-07-18,308.3900146484375,50.76133346557617,0.7534724084399865,2.7653881162549405,0.0069893461901324,2.373371578870825,-1.0,0.0
2025-07-21,313.1300048828125,52.6377067565918,0.7524593433887758,2.7695300042846824,-0.0052335320361356,1.1413883143564605,-1.0,0.0
2025-07-22,316.1000061035156,54.08717727661133,0.7506907398064794,2.776394290155803,-0.016039970052641,0.02932715474456559,-1.0,0.0
2025-07-23,312.17999267578125,53.4517936706543,0.7481576625063835,2.7860492907109826,-0.0192242598290741,-0.3291930716986493,0.0,1.0
2025-07-24,310.2699890136719,52.94547271728515,0.7450837300149247,2.7977473118772735,-0.0177374201913789,-0.1669746120508933,0.0,0.0
2025-07-25,307.3999938964844,53.570926666259766,0.7421178734316176,2.8090586618017936,-0.03528493436822,-1.8095975462764826,0.0,0.0
2025-07-28,305.4100036621094,52.21080780029297,0.7382960990134473,2.8234861581678405,-0.0220058326576513,-0.5501878328129127,0.0,0.0
2025-07-29,306.25,52.86604690551758,0.7351838583115147,2.8353232686499528,-0.0279555662471109,-1.1511310857031198,0.0,0.0
2025-07-30,300.9599914550781,51.406646728515625,0.7314347168566703,2.8495018546863777,-0.0242072271939282,-0.8045299438042438,0.0,0.0
2025-07-31,302.9599914550781,51.26765441894531,0.7282364038632995,2.8616282529931087,-0.0151379394085404,0.07952260066836991,0.0,0.0
2025-08-01,309.1099853515625,52.071815490722656,0.725312604116604,2.872790469808875,-0.0059812019382272,0.9632572333580401,0.0,0.0
2025-08-04,310.9100036621094,54.54386138916016,0.7229490220733996,2.881886935613526,-0.0334603225049594,-1.7075116254165157,0.0,0.0
2025-08-05,311.1600036621094,56.05290222167969,0.7194631733090872,2.8950804600039968,-0.0515448434569654,-2.8600841423573438,1.0,1.0
2025-08-06,310.5,56.9761962890625,0.7148092571229938,2.9125434801275674,-0.0640714789240926,-3.0713908574193467,1.0,0.0
2025-08-07,313.1199951171875,57.5222282409668,0.7094575716690199,2.932526468044755,-0.0607836977494864,-2.440354426050229,1.0,0.0
2025-08-08,313.04998779296875,57.6413688659668,0.7042636049262548,2.9519072748984305,-0.060798435125684,-2.1706048434192544,1.0,0.0
2025-08-11,308.54998779296875,57.27403259277344,0.6986424842529986,2.9729572362277903,-0.0690714908619138,-2.2830553022089544,1.0,0.0
2025-08-12,308.2699890136719,57.790283203125,0.6930726831517717,2.993728002695695,-0.0744235895604825,-2.2338992198152985,1.0,0.0
2025-08-13,309.2099914550781,57.65129470825195,0.6872591882168186,3.015411139561728,-0.0678228934989917,-1.758748040531156,1.0,0.0
2025-08-14,307.25,57.28396224975586,0.6818304486740763,3.0357045572380263,-0.0681065745611384,-1.6214014842276,1.0,0.0
2025-08-15,307.42999267578125,57.85977935791016,0.6766685139802677,3.0550202666457,-0.0727089168237924,-1.6584294001454467,1.0,0.0
2025-08-18,306.95001220703125,57.68107604980469,0.6710203696924262,3.076197290730467,-0.0704524392653977,-1.4595010916301696,1.0,0.0
2025-08-19,305.2699890136719,56.191890716552734,0.6653953316053804,3.0973232348144384,-0.0568530223453853,-0.8933795252788551,1.0,0.0
2025-08-20,308.3599853515625,57.89949035644531,0.6608105017846316,3.114605695067588,-0.0653750659183485,-1.1304869218837,1.0,0.0
2025-08-21,307.2900085449219,58.86249923706055,0.6559298248425228,3.1329732138678894,-0.0782292377583502,-1.4807193629795519,1.0,0.0
2025-08-22,310.5799865722656,59.74607849121094,0.6501877509536755,3.154597490730921,-0.0754912495301329,-1.2865493859933537,1.0,0.0
2025-08-25,309.8299865722656,59.82550048828125,0.6445586361322182,3.17582366860367,-0.0769677814895271,-1.2465109579577258,1.0,0.0
2025-08-26,312.0799865722656,61.15583801269531,0.6389072243737504,3.1971627661128763,-0.0820004028833345,-1.3270084188425522,1.0,0.0
2025-08-27,312.7099914550781,61.03670501708984,0.6324927498660393,3.221354499797534,-0.0765566684278615,-1.0698274037096889,1.0,0.0
2025-08-28,315.0299987792969,60.88779067993164,0.6267328221327709,3.243105448884158,-0.0657032238650279,-0.6381490936533378,1.0,0.0
2025-08-29,318.07000732421875,62.71451950073242,0.6217077511647643,3.2621212094116823,-0.0728450439699726,-0.8594456617155166,1.0,0.0
2025-09-02,325.5899963378906,64.33277130126953,0.6161074662189266,3.2832805511977634,-0.063155743080272,-0.42511852319497806,1.0,0.0
2025-09-03,328.1400146484375,64.7298812866211,0.6107704653693706,3.303472671825061,-0.0570812854868183,-0.11873310631782774,1.0,0.0
2025-09-04,326.69000244140625,64.10442352294922,0.6058999511050167,3.3219530176044128,-0.0537961493348175,0.07883797699218797,0.0,-1.0
2025-09-05,331.04998779296875,65.86166381835938,0.601217918582743,3.339759232574208,-0.0551238747546527,0.07945101225807276,0.0,0.0
2025-09-08,334.82000732421875,66.75517272949219,0.5963469105608858,3.358221371726077,-0.0499006040155141,0.36185409927014844,0.0,0.0
2025-09-09,334.05999755859375,66.36798858642578,0.5918280392241301,3.3753614937663468,-0.0468866567686259,0.5796648429740392,0.0,0.0
2025-09-10,335.260009765625,68.00608825683594,0.5877067278784525,3.3910157840801705,-0.0559950883174558,0.16367832877424254,0.0,0.0
2025-09-11,334.760009765625,69.25700378417969,0.5829916282535073,3.408863714996824,-0.066065904528509,-0.32694471875460224,0.0,0.0
2025-09-12,335.4200134277344,69.24707794189453,0.5776247457732083,3.4291710136225344,-0.0615768761695045,0.025560719240177623,0.0,0.0
2025-09-15,338.9100036621094,69.97181701660156,0.5726189374131473,3.44815471053812,-0.0549583545813963,0.79934329773781,0.0,0.0
2025-09-16,339.5899963378906,68.5223388671875,0.5679216456312777,3.466026371377226,-0.0389829284766038,2.405531782588255,-1.0,-1.0
2025-09-17,336.9700012207031,68.1649398803711,0.5644826049095513,3.47923260184073,-0.0424449369482182,1.9468367492659375,-1.0,0.0
2025-09-18,335.6199951171875,68.29399871826172,0.5610966057958728,3.492243969077765,-0.0462365455083526,1.4794890459303565,-1.0,0.0
2025-09-19,339.17999267578125,71.8382568359375,0.5575551960571546,3.505830499487149,-0.0625230783748769,0.03688844341907896,-1.0,0.0
2025-09-22,345.04998779296875,73.79405212402344,0.5528290342017266,3.5238733303643865,-0.058055468235298,0.4250357928120787,-1.0,0.0
2025-09-23,346.4599914550781,73.69477844238281,0.5481352918195089,3.5418323829570446,-0.0510094888200942,0.9847043250791583,-1.0,0.0
2025-09-24,343.32000732421875,71.79854583740234,0.5441736652811683,3.5570190596709117,-0.0440804405704655,1.474192862487634,-1.0,0.0
2025-09-25,344.75,72.60269927978516,0.540953815649459,3.569408241827722,-0.0445769619195308,1.328858319580039,-1.0,0.0
2025-09-26,346.739990234375,74.14153289794922,0.5377415890821692,3.5817589698972183,-0.0486860871236487,0.9233624017796879,-1.0,0.0
2025-09-29,352.4599914550781,75.17403411865234,0.534468604678785,3.5943365661948805,-0.0382000711582124,1.6479342259382306,-1.0,0.0
2025-09-30,355.4700012207031,75.84912872314453,0.5317069021665818,3.605012054556785,-0.0331954359362258,1.8571635453514053,-1.0,0.0
2025-10-01,356.0299987792969,76.57386016845703,0.5292788997076782,3.6144365505337994,-0.0355687962405077,1.5498613495296027,-1.0,0.0
2025-10-02,354.7900085449219,76.54407501220703,0.5266606715064723,3.6245535979514334,-0.0376113077903141,1.3008329977190356,-1.0,0.0
2025-10-03,357.6400146484375,76.52422332763672,0.5238984397066666,3.635226602916707,-0.0281653832284289,1.8294143629798374,-1.0,0.0
2025-10-06,364.3800048828125,78.0431900024414,0.5217454635014537,3.643603071524616,-0.0187876649979106,2.230210270221813,-1.0,0.0
2025-10-07,366.260009765625,76.4150161743164,0.520026575616176,3.650354875976235,-0.0019398185299017,2.8334945274315344,-1.0,0.0
2025-10-08,372.2999877929687,78.57929992675781,0.5191535047618088,3.653895134661374,0.0001626917077954,2.6091658902891393,-1.0,0.0
2025-10-09,365.4299926757813,75.06482696533203,0.5183421940279899,3.657217796504728,0.0054728238728323,2.5390064597024096,-1.0,0.0
2025-10-10,369.1199951171875,75.23359680175781,0.5177405324338252,3.6597457156382376,0.01442740984755,2.5590148180492926,-1.0,0.0
2025-10-13,378.0899963378906,78.79771423339844,0.5173685776095112,3.661456043755136,0.0143876509711216,2.273735004575699,-1.0,0.0
2025-10-14,380.7900085449219,77.88434600830078,0.5169619868028268,3.663313099050998,0.0274492053475041,2.4465570464445694,-1.0,0.0
2025-10-15,387.3900146484375,80.882568359375,0.5170891867927423,3.6631962392567217,0.0246638023553051,2.0792841432968876,-1.0,0.0
2025-10-16,396.4500122070313,83.83116149902344,0.517297744066433,3.662721975084049,0.0288172565971187,1.993394616171077,-1.0,0.0
2025-10-17,388.989990234375,78.1623306274414,0.5176996565468037,3.6615310713295193,0.0454795794513973,2.2419084509984604,-1.0,0.0
2025-10-20,403.1499938964844,79.78057861328125,0.518570719993214,3.65860831295974,0.06973393900937,2.5414021358261927,-1.0,0.0
2025-10-21,377.239990234375,72.2651596069336,0.5204569265275775,3.651856120150496,0.0532917359766189,1.8824374997830151,-1.0,0.0
2025-10-22,377.2799987792969,72.42400360107422,0.5213358244931388,3.6489289111392553,0.0514183354414932,1.6784635127967527,-1.0,0.0
2025-10-23,378.7900085449219,73.25794982910156,0.5222336791859067,3.645959652518438,0.0485578214797319,1.492787801502004,-1.0,0.0
2025-10-24,377.5199890136719,72.27508544921875,0.5230517554358429,3.6432914600349866,0.0514197572966939,1.453033436602272,-1.0,0.0
2025-10-27,367.010009765625,69.40592956542969,0.5239876105533593,3.640177412475987,0.0435187532366123,1.1787605571916737,-1.0,0.0
2025-10-28,364.3800048828125,70.50791931152344,0.5244191813644431,3.6389934370462855,0.0274200169602405,0.7360889257882963,-1.0,0.0
2025-10-29,363.0,70.55755615234375,0.5245263243656785,3.6389180429737817,0.0228758504549846,0.5787674333597029,-1.0,0.0
2025-10-30,370.1300048828125,72.3743667602539,0.5245502092828407,3.639111963788101,0.0286958841750699,0.6703884079021813,-1.0,0.0
2025-10-31,368.1199951171875,71.54042053222656,0.5247754179909934,3.638538822197799,0.0289412893153899,0.6257087557751201,-1.0,0.0
2025-11-03,368.7799987792969,70.78590393066406,0.5250472368491418,3.637776241805751,0.0359013632271523,0.7549504938949364,-1.0,0.0
2025-11-04,362.3200073242187,67.78767395019531,0.5255654108665758,3.636037636655203,0.0405064969301438,0.8258595155416033,-1.0,0.0
2025-11-05,366.510009765625,70.16043853759766,0.5259943176246967,3.634666154518257,0.0334711339109254,0.5778062006202617,-1.0,0.0
2025-11-06,366.0700073242187,70.24979400634766,0.5263352078815656,3.6335996148268768,0.0312174742486668,0.4610842861031918,-1.0,0.0
2025-11-07,368.30999755859375,72.02689361572266,0.5266238802711107,3.632724192421998,0.0238096004808046,0.17220870761979348,-1.0,0.0
2025-11-10,378.3800048828125,75.43215942382812,0.5267643794789965,3.632398281368574,0.0261751950079016,0.19186290299427675,-1.0,0.0
2025-11-11,379.8699951171875,76.15689086914062,0.5267593024460504,3.6326936588131034,0.0247950472831028,0.0800295115475081,-1.0,0.0
2025-11-12,385.989990234375,78.67858123779297,0.5268356235019994,3.632653775129257,0.0233247297491008,-0.05519747783006817,0.0,1.0
2025-11-13,382.8699951171875,76.49444580078125,0.5268766641027044,3.6327441191563654,0.0297723519877077,0.13778159950411625,0.0,0.0
2025-11-14,375.9599914550781,75.6108627319336,0.5270496233558839,3.6323136351401946,0.0173632672860577,-0.6057154105171322,0.0,0.0
2025-11-17,371.6499938964844,74.40957641601562,0.5268233001958273,3.633393035093587,0.0141698924877147,-0.9484063774659671,0.0,0.0
2025-11-18,374.3500061035156,75.08467864990234,0.5264046353171555,3.635221750231614,0.0166296976712585,-0.8846791462927472,0.0,0.0
2025-11-19,374.9599914550781,75.83919525146484,0.525938392597173,3.6372687782402737,0.012965607535496,-1.2085493359615496,0.0,0.0
2025-11-20,374.8500061035156,72.44386291503906,0.525383900384498,3.639644597417792,0.0367609140679832,0.3741628691521892,0.0,0.0
2025-11-21,374.2699890136719,73.11895751953125,0.5253631641362239,3.6400381794578665,0.0300344942512085,-0.15537135498211138,0.0,0.0
2025-11-24,380.2000122070313,77.39788055419922,0.5251869267833361,3.6410287174386538,0.0156521242015248,-1.235689231204508,0.0,0.0
2025-11-25,380.0799865722656,77.2390365600586,0.524856815810534,3.642536904084724,0.0163421088515427,-1.1321040044892567,0.0,0.0
2025-11-26,383.1199951171875,80.96199798583984,0.5246027905118673,3.6437413045027087,-0.0004871697672488,-2.121288986399801,1.0,1.0
2025-11-28,387.8800048828125,82.6298828125,0.5241130939587826,3.645763959610301,0.0013022180122197,-1.8210684006393874,1.0,0.0
2025-12-01,389.75,82.22283935546875,0.5233294334602417,3.649008487385404,0.0089108868559453,-1.2475674604022549,1.0,0.0
2025-12-02,387.239990234375,81.02156066894531,0.522760138573199,3.6514441248162166,0.010218526416069,-1.1612253596990763,1.0,0.0
2025-12-03,386.8800048828125,80.47552490234375,0.5222151800988363,3.653792449960089,0.0128664118542944,-0.9267233997790033,1.0,0.0
2025-12-04,387.1300048828125,80.80314636230469,0.5218511943089937,3.655418364978816,0.0113634561745872,-0.9887109467704487,1.0,0.0
2025-12-05,386.44000244140625,80.44573974609375,0.5214497535303378,3.657177275632886,0.0118953168082276,-0.8997855786649906,1.0,0.0
2025-12-08,385.4200134277344,78.5892333984375,0.5208856466703357,3.6596235992139463,0.0214428650529834,-0.04408064071434374,1.0,0.0
2025-12-09,387.3999938964844,81.34918212890625,0.5206075162017066,3.6609632638487337,0.0084717534641072,-1.1708910546252007,1.0,0.0
2025-12-10,389.0499877929687,82.71923065185547,0.5198756322907854,3.6640742174101826,0.0041476636953472,-1.460937762455534,1.0,0.0
2025-12-11,393.239990234375,85.6380386352539,0.5191924001698793,3.6669388022268072,-0.0029921624156417,-1.9057280350002843,1.0,0.0
2025-12-12,395.44000244140625,85.04236602783203,0.5182557642848349,3.6708039677303033,0.0065072383748683,-1.0167455540335792,1.0,0.0
2025-12-15,395.7999877929687,84.23819732666016,0.5178253212191654,3.672656317085879,0.0123972429498513,-0.47030867959297884,1.0,0.0
2025-12-16,395.8900146484375,84.21834564208984,0.5174900105303258,3.674178538402256,0.0127110676686941,-0.3927312606391446,1.0,0.0
2025-12-17,399.2900085449219,85.21113586425781,0.517166449998634,3.675639706213079,0.0151750827414351,-0.10237458980938635,1.0,0.0
2025-12-18,398.5700073242187,85.05228424072266,0.516897342828696,3.6768889314305095,0.0142817485618182,-0.13446352230124323,1.0,0.0
2025-12-19,399.0199890136719,87.1570053100586,0.516708248044963,3.677795823525232,0.0027124883096734,-1.2646480472100627,1.0,0.0
2025-12-22,408.2300109863281,90.18000030517578,0.5161831331853749,3.6799988474327954,0.0080747291498832,-0.6459251932501924,1.0,0.0
2025-12-23,413.6400146484375,90.2699966430664,0.5158678953033221,3.681370547437211,0.0207729066654156,0.7501336874276515,0.0,-1.0
2025-12-24,411.9299926757813,89.69999694824219,0.5159998012605889,3.680996744981368,0.0196786635839485,0.6608756071508828,0.0,0.0
2025-12-26,416.739990234375,91.29000091552734,0.5162318442346226,3.680197452092899,0.0219732046696181,0.9264206840341427,0.0,0.0
2025-12-29,398.6000061035156,85.8499984741211,0.5163862996960582,3.679740306610673,0.0089556679494426,-0.48097499794469684,0.0,0.0
2025-12-30,398.8900146484375,86.83999633789062,0.5161745375533092,3.6806888594979377,0.0037589912326714,-1.0286990115065238,0.0,0.0
2025-12-31,396.30999755859375,85.7699966430664,0.5159803647636387,3.6815247870036663,0.003698013675506,-0.9784947465350848,0.0,0.0
2026-01-02,398.2799987792969,85.7300033569336,0.5156683687259349,3.682848978482552,0.0089617753351722,-0.3446868908537843,0.0,0.0
2026-01-05,408.760009765625,88.44999694824219,0.5155847677125538,3.6832628228394055,0.0187889492953896,0.7580985892369977,0.0,0.0
2026-01-06,413.1799926757813,92.13999938964844,0.5158890777502012,3.682142200773991,0.00821532760287,-0.3999215543461937,0.0,0.0
2026-01-07,409.2300109863281,91.05999755859376,0.5157402178810493,3.682831174001559,0.00467461068295,-0.8556872322198541,0.0,0.0
2026-01-08,411.489990234375,91.54000091552734,0.515391977156096,3.684321192921893,0.0075533655102475,-0.3842757982633366,0.0,0.0
2026-01-09,414.4700012207031,92.55999755859376,0.5152403796931108,3.685013103061406,0.0090527064910048,-0.12113836044293408,0.0,0.0
2026-01-12,422.2300109863281,95.72000122070312,0.5151003581997374,3.6856708060765593,0.0102865855413956,0.014813385734583098,0.0,0.0
2026-01-13,421.6300048828125,96.47000122070312,0.5148407415853384,3.686845207003739,0.0048561181314337,-0.9062905043257549,0.0,0.0
2026-01-14,425.94000244140625,96.86000061035156,0.5146361576938976,3.687743967491478,0.0129861561142137,0.42030819645820644,0.0,0.0
2026-01-15,423.3299865722656,97.11000061035156,0.5146133375899196,3.6879473597684296,0.0054140853704698,-0.7986040510889175,0.0,0.0
2026-01-16,421.2900085449219,97.23999786376952,0.514167647685031,3.689865743577049,1.6741841916356748e-05,-1.5471052634979598,0.0,0.0
2026-01-20,437.2300109863281,102.77999877929688,0.5136124377547242,3.6922021985771143,0.0089009606403944,-0.13807964688050595,0.0,0.0
2026-01-21,443.6000061035156,101.29000091552734,0.5135398330860637,3.692587298708095,0.0308153385240794,2.748272060526484,-1.0,-1.0
2026-01-22,451.7900085449219,105.16999816894533,0.5139461657234512,3.69114406237113,0.0293569277647476,2.3494438315138333,-1.0,0.0
2026-01-23,458.0,107.0199966430664,0.5144640599099892,3.6892262556680944,0.0335442986211402,2.4576706134286415,-1.0,0.0
2026-01-26,464.7000122070313,107.4800033569336,0.5152816417835785,3.686078872037452,0.0451838861367752,3.003693520865062,-1.0,0.0
2026-01-27,476.1000061035156,109.29000091552734,0.5164466908622931,3.6815624526619537,0.059862174696482,3.3591369127508313,-1.0,0.0
2026-01-28,494.55999755859375,112.16000366210938,0.5181243180911188,3.6750084262655767,0.083151370759098,3.6144150229946437,-1.0,0.0
2026-01-29,495.8999938964844,107.9800033569336,0.5205788111937766,3.6653759547890106,0.1036764145554398,3.465527055176133,-1.0,0.0
2026-01-30,444.9500122070313,94.1999969482422,0.5235831354980827,3.6535504757903063,0.0645061340803465,1.6731546236531387,-1.0,0.0
2026-02-02,427.1300048828125,94.19000244140624,0.5247618888136683,3.649045606263011,0.0228352383338199,0.011262290324306512,-1.0,0.0
2026-02-03,454.2900085449219,98.22000122070312,0.5248528713114433,3.64884410440791,0.0622814018652579,1.4578717448788099,-1.0,0.0
2026-02-04,453.9700012207031,98.6999969482422,0.5261619085886852,3.643777861414293,0.0580730942862555,1.2086063459489451,-1.0,0.0
2026-02-05,441.8800048828125,92.44000244140624,0.5273166627936113,3.639332313399298,0.0647756357519027,1.3547330454864681,-1.0,0.0
2026-02-06,455.4599914550781,97.38999938964844,0.5284996937914994,3.634778477091903,0.0666754179981818,1.326300105181958,-1.0,0.0
2026-02-09,467.0299987792969,102.88999938964844,0.5297600471574854,3.629937475749892,0.0617278383254973,1.0794900370085692,-1.0,0.0
2026-02-10,462.3999938964844,103.01000213623048,0.5309790976884847,3.625256447483914,0.0501780805959057,0.6396633000557975,-1.0,0.0
2026-02-11,467.6300048828125,105.97000122070312,0.5319796095619568,3.6214025323995926,0.0455709299282505,0.4407209228133647,-1.0,0.0
2026-02-12,451.3900146484375,98.27999877929688,0.5329814191962896,3.6175101202772826,0.0495985231257671,0.5355875574721434,-1.0,0.0
2026-02-13,462.6199951171875,103.94000244140624,0.5339476293470065,3.6137644574682906,0.0435881274391922,0.28075411103445297,-1.0,0.0
2026-02-17,448.2000122070313,100.25,0.5347388714573282,3.6107433555357633,0.030597546042979,-0.21945249209145562,0.0,1.0
2026-02-18,458.2799987792969,102.55999755859376,0.5352321979258734,3.608877641619836,0.0402378627158572,0.1099737551854725,0.0,0.0
2026-02-19,459.55999755859375,104.23999786376952,0.5360391842811395,3.605739128004166,0.0337192902242762,-0.16676897913340097,0.0,0.0
2026-02-20,468.6199951171875,106.26000213623048,0.5369242552499978,3.602206794437727,0.0423564558364013,0.11608334443136673,0.0,0.0
2026-02-23,481.2799987792969,110.29000091552734,0.5380712517286952,3.5976181092567168,0.0482210660605959,0.2997772304890856,0.0,0.0
2026-02-24,474.6099853515625,110.6999969482422,0.539275863368223,3.592841946799841,0.0313749614731797,-0.41546063390792803,0.0,0.0
2026-02-25,473.4200134277344,111.16000366210938,0.5403944930091994,3.588279036850479,0.0259213458657141,-0.675855300633593,0.0,0.0
2026-02-26,477.4800109863281,113.88999938964844,0.5414364780345984,3.5839939250407555,0.0207004588479415,-0.9447967327964788,0.0,0.0
2026-02-27,483.75,115.83999633789062,0.5422544393639933,3.5806344565159813,0.0240268743772995,-0.8312228180682613,0.0,0.0
2026-03-02,490.0,115.33999633789062,0.5430705452556757,3.5773105246602106,0.03865877449054,-0.247572303153425,0.0,0.0
2026-03-03,468.1400146484375,105.23999786376952,0.5443817784997311,3.5719642750797345,0.0420290699442622,-0.16929478622643793,0.0,0.0
2026-03-04,471.7999877929687,105.87999725341795,0.5453763985792237,3.567982764403473,0.045860529687185,-0.04148930644473713,0.0,0.0
2026-03-05,466.1300048828125,101.81999969482422,0.546784869388978,3.5622324281856925,0.0543327603404684,0.3732809905417407,0.0,0.0
2026-03-06,473.510009765625,101.37999725341795,0.5483088613949807,3.5560224538948733,0.071580064369833,1.216657654676525,0.0,0.0
2026-03-09,472.5299987792969,102.44000244140624,0.5497972870905358,3.5500889215246327,0.0628482203008484,0.6997565659336649,0.0,0.0
2026-03-10,477.8599853515625,103.37000274658205,0.5511192494760974,3.544812332358031,0.068240861994818,0.9339941182633956,0.0,0.0
2026-03-11,476.239990234375,101.36000061035156,0.5525115737960359,3.539269041269685,0.0747795169523044,1.2246663966891977,0.0,0.0
2026-03-12,466.8800048828125,99.3000030517578,0.554120621991776,3.532811753422154,0.0653332215014481,0.7987468902629073,0.0,0.0
2026-03-13,460.8399963378906,93.26000213623048,0.5553320463529567,3.5280013950883427,0.0864013685608462,2.1341535974459176,-1.0,-1.0
2026-03-16,460.4299926757813,94.37999725341795,0.556772081975724,3.5222962248633403,0.0780386724025268,1.566824940914709,-1.0,0.0
2026-03-17,459.2699890136719,93.95999908447266,0.5581284267327453,3.5169016525917653,0.0772321843306418,1.4291269605127381,-1.0,0.0
2026-03-18,444.739990234375,88.11000061035156,0.5593453904094696,3.5121046231823625,0.0803087391339527,1.5137341041916397,-1.0,0.0
2026-03-19,426.4100036621094,82.9000015258789,0.5602344580851086,3.5087198790883947,0.071770058865777,1.002441142239641,-1.0,0.0
2026-03-20,413.3800048828125,80.12000274658203,0.5609568483250457,3.5059681890471035,0.0594304152289613,0.34681716777309607,-1.0,0.0
2026-03-23,404.0400085449219,83.37999725341797,0.5614373925990387,3.504186504349319,0.0138604990801045,-1.9138783279167337,0.0,1.0
2026-03-24,404.1300048828125,83.5,0.5615447584582073,3.503796597741722,0.0131905896185013,-1.7674131268895281,0.0,0.0
2026-03-25,416.2900085449219,86.31999969482422,0.5616470322282077,3.5034245635291055,0.0241006813538628,-1.1672222255658058,0.0,0.0
2026-03-26,400.6400146484375,82.38999938964844,0.5618726004669448,3.502580755305706,0.0118017648295571,-1.615167097675626,0.0,0.0
2026-03-27,414.7000122070313,85.79000091552734,0.5618101824161941,3.502923983549012,0.0235072798432725,-1.0290550855786957,0.0,0.0
2026-03-30,414.5799865722656,85.79000091552734,0.561978059712163,3.5023276696584515,0.0230667508813393,-1.0003181146890334,0.0,0.0
2026-03-31,430.2900085449219,91.7699966430664,0.5621384436167753,3.5017619238314666,0.0222334292227506,-1.013667846024839,0.0,0.0
2026-04-01,437.8200073242187,96.01000213623048,0.562568995229991,3.5000117561227935,0.0139767412554485,-1.2917620214559336,0.0,0.0
2026-04-02,429.4100036621094,94.58999633789062,0.5631058310627839,3.4977403587415568,0.0027927190395384,-1.637381600973521,0.0,0.0
2026-04-06,427.6499938964844,93.81999969482422,0.5634607257838313,3.4961920332470555,0.0032248845943545,-1.5037878295154927,0.0,0.0
2026-04-07,431.80999755859375,94.97000122070312,0.5638850125139087,3.4943395518523426,0.0059612809946463,-1.3051351784623226,0.0,0.0
2026-04-08,434.5299987792969,98.18000030517578,0.5642427345077199,3.4928000483648223,-0.0066050671278556,-1.6423224370601461,0.0,0.0
2026-04-09,437.9100036621094,98.3499984741211,0.5652307003490009,3.488421373544252,1.2589507164761926e-05,-1.339452259828261,0.0,0.0
2026-04-10,437.1300048828125,99.38999938964844,0.5658643835500732,3.485641013051931,-0.0078498094934333,-1.5207273609452814,0.0,0.0
2026-04-13,435.3599853515625,98.77999877929688,0.5665064432412665,3.4827711155565506,-0.0085025656703825,-1.4541827727537848,0.0,0.0
2026-04-14,445.0899963378906,100.75,0.5668096027741472,3.481373473237074,0.002413133853274,-1.0461909914831191,0.0,0.0
2026-04-15,440.4599914550781,97.7699966430664,0.5672166646594923,3.479585694179839,0.0088967678046154,-0.7999910104398564,0.0,0.0
2026-04-16,440.0799865722656,97.66000366210938,0.5674853475603264,3.4784535775312464,0.0085732860055278,-0.7650524324813488,0.0,0.0
2026-04-17,445.9299926757813,100.33999633789062,0.5675670296649262,3.4781532053328834,0.0063395696432522,-0.7816370721955923,0.0,0.0
2026-04-20,442.0899963378906,99.12999725341795,0.5676093014992609,3.4780140160737973,0.0045218475813317,-0.781248607808735,0.0,0.0
2026-04-21,429.5700073242187,92.98999786376952,0.5679124308960901,3.476688156542327,0.0120380546093699,-0.5024472390276101,0.0,0.0
2026-04-22,435.260009765625,94.4800033569336,0.5684472244962359,3.474375876141478,0.0160490475415882,-0.33009533009528536,0.0,0.0
2026-04-23,431.0400085449219,92.19000244140624,0.5694473087620484,3.470001383504986,0.0201043586956322,-0.14607022704785316,0.0,0.0
2026-04-24,433.25,94.33999633789062,0.5705944945771478,3.465003367166412,0.0118724646702803,-0.3773073642526117,0.0,0.0
2026-04-27,429.8900146484375,92.58999633789062,0.571586436082156,3.460659235988913,0.0146232604051261,-0.21700153437014408,0.0,0.0
2026-04-28,421.9100036621094,88.54000091552734,0.5726309600149352,3.456086654365518,0.0213405566513813,0.12789776793911425,0.0,0.0
2026-04-29,417.4100036621094,86.22000122070312,0.5737818486746878,3.451080275896186,0.0256991108698709,0.4383114417727722,0.0,0.0
2026-04-30,423.6600036621094,88.29000091552734,0.5750863830035995,3.4454008789706325,0.0267828811856265,0.7024713927341366,0.0,0.0
2026-05-01,423.1799926757813,87.11000061035156,0.5765482015351757,3.439040622798382,0.0332171737347977,1.437095664376215,0.0,0.0
2026-05-04,414.7099914550781,85.6500015258789,0.5777386333968563,3.433918336895002,0.0225686528198876,0.951523792544332,0.0,0.0
2026-05-05,418.2699890136719,85.80999755859375,0.5789245114658113,3.42876553775766,0.0299112113029993,1.518045080200695,0.0,0.0
2026-05-06,430.9599914550781,92.44000244140624,0.5802984665382974,3.422816379361722,0.0164431616916846,0.3086821239961693,0.0,0.0
2026-05-07,431.6799926757813,91.72000122070312,0.5817960615559377,3.4162384916916886,0.0224606549659069,0.8523792371283354,0.0,0.0
2026-05-08,433.7699890136719,94.58999633789062,0.5833412076946153,3.4094598673479215,0.0091135501715475,-0.3309631833970635,0.0,0.0
2026-05-11,434.6499938964844,97.5999984741211,0.5847370765906352,3.4032788002539807,-0.0073466093511846,-1.6486407579476854,0.0,0.0
2026-05-12,432.9299926757813,97.13999938964844,0.5857569665834997,3.398678504798496,-0.0086161045978681,-1.6149393557120948,0.0,0.0
2026-05-13,430.5,96.2300033569336,0.5864628982336669,3.3954611012717058,-0.0087380536684884,-1.5006811028009839,0.0,0.0
2026-05-14,427.2099914550781,93.9499969482422,0.5878430189110581,3.3892674561893084,-0.0024231164503625,-0.9298465636167859,0.0,0.0
2026-05-15,417.2900085449219,87.3499984741211,0.5895332114521399,3.381733451411212,0.0168799204003278,0.580888688365476,0.0,0.0
2026-05-18,418.4299926757813,87.13999938964844,0.5912974014890378,3.3739822316303707,0.0208967527640657,0.8485577217779732,0.0,0.0
2026-05-19,411.5,83.77999877929688,0.593203697503686,3.365609992752587,0.0273777947771094,1.2713351305308105,0.0,0.0
2026-05-20,417.3999938964844,86.36000061035156,0.5948674203877473,3.3583426831708234,0.0234712617490391,0.9088527531442784,0.0,0.0
2026-05-21,416.989990234375,85.98999786376953,0.5965352872191212,3.351034502712868,0.0249217542404238,0.9571404403193178,0.0,0.0
2026-05-22,413.8200073242187,85.0199966430664,0.59816726382004,3.3438791366469034,0.0239627264571051,0.8281848526900554,0.0,0.0
2026-05-26,414.0,88.5,0.5997680485933956,3.3368493665525643,0.0002549148121699,-1.1768627546059776,0.0,0.0
2026-05-27,408.489990234375,85.44000244140625,0.6010865603444304,3.330963286700993,0.0079826625662455,-0.54353051884393,0.0,0.0
2026-05-28,412.7699890136719,87.18000030517578,0.6025739983802259,3.3243490494204706,0.00625593059981,-0.6813298494488029,0.0,0.0
2026-05-29,417.1199951171875,89.48999786376953,0.6039228816461235,3.3183534672288566,0.000914425468677,-1.0969182902309775,0.0,0.0
2026-06-01,411.260009765625,86.68000030517578,0.6049636014466053,3.3137034980714364,0.0060395380219713,-0.6648502090312356,0.0,0.0
2026-06-02,411.9500122070313,88.05000305175781,0.6062830579167027,3.307833408093536,-0.0018092531017686,-1.282117091455012,0.0,0.0
2026-06-03,407.8699951171875,85.0,0.6072274290839277,3.303598119113071,0.0096506643010103,-0.3301970392409661,0.0,0.0
2026-06-04,411.2699890136719,86.4000015258789,0.6078885134573738,3.30067436501491,0.0080081408792365,-0.4420949304010444,0.0,0.0
2026-06-05,396.239990234375,78.83999633789062,0.6085529422588911,3.2977316976171185,0.0264818097083594,1.0418423225434132,0.0,0.0
2026-06-08,397.2699890136719,78.66999816894531,0.6093441194518231,3.2942892562662616,0.0303802190130424,1.2696737158216551,0.0,0.0
2026-06-09,390.7799987792969,77.58999633789062,0.6100344966793025,3.2913153638466612,0.0223017761556443,0.6106246615219796,0.0,0.0
2026-06-10,374.5799865722656,73.80999755859375,0.6108880680456401,3.287580559692131,0.010493326892778,-0.28399045901180886,0.0,0.0
2026-06-11,386.3200073242187,77.72000122070312,0.6116640569568405,3.284138847847776,0.0098846747720378,-0.2942815477393512,0.0,0.0
2026-06-12,386.5400085449219,80.02999877929688,0.6128023487136969,3.2790813050099468,-0.0073918896573337,-1.5381258622437235,0.0,0.0
2026-06-15,396.5499877929687,85.2699966430664,0.6139132845722841,3.274072583449069,-0.0206200654686892,-2.293643374736232,1.0,1.0
2026-06-16,397.6300048828125,87.23999786376953,0.6146672329099572,3.270586066046487,-0.0318047990198353,-2.624815323725169,1.0,0.0
2026-06-17,388.6000061035156,84.36000061035156,0.6153448169935068,3.267374885388164,-0.0339360464477787,-2.4167285384060113,1.0,0.0
2026-06-18,387.1199951171875,82.51000213623047,0.616049137423627,3.264051290923375,-0.0238918473357703,-1.661724056701046,1.0,0.0
2026-06-22,384.5899963378906,81.44000244140625,0.6169200519299516,3.260033891908137,-0.0222219903872566,-1.450203388043713,1.0,0.0
2026-06-23,377.3200073242187,77.66000366210938,0.617898360888633,3.2555488686267093,-0.0117591969879562,-0.8214849210324091,1.0,0.0
2026-06-24,365.9200134277344,74.58999633789062,0.6192978663210955,3.249231819775257,-0.0172334164270058,-1.0872433207412135,1.0,0.0
2026-06-25,369.4599914550781,75.66999816894531,0.6205405486568903,3.2435987051471784,-0.0162515570277932,-1.0086089385809582,1.0,0.0
2026-06-26,373.6300048828125,77.0,0.6218420887131502,3.237711977094421,-0.0156069975981454,-0.9524609063767604,1.0,0.0
2026-06-29,368.5799865722656,75.68000030517578,0.6232531896319199,3.2313349167133505,-0.0181907748370671,-1.0419304033048231,1.0,0.0
2026-06-30,368.3800048828125,75.44999694824219,0.6243713178351077,3.226260139553097,-0.0165958641158798,-0.8977712249582085,1.0,0.0
2026-07-01,370.6000061035156,75.06999969482422,0.6258155319618453,3.2197437060754117,-0.0071553158110173,-0.366548956565737,1.0,0.0
2026-07-02,378.1300048828125,78.43000030517578,0.6270399542765831,3.2142373855860575,-0.014277092109789,-0.6896436784705342,1.0,0.0
2026-07-06,380.80999755859375,78.58999633789062,0.6286546993003834,3.2069542813125644,-0.0082564870945036,-0.3149109452336317,1.0,0.0
